Filename,Name,ExactName,Features,Options,HOMO,LUMO,HomoOrbital,Dipole,Energy,BandGap,Time
logs/55(90)5(320).log,55(90)5(320),5aa5(90)aa5(320)aaA_n1_m1_x1_y1_z1,[],"opt CAM-B3LYP/6-31g(d,p) geom=(modredundant,connectivity)",-7.1133278545,0.1042196002,64,1.3445,-1656.3471162,---,0.7166666667
logs/55(90)5(320).log,55(90)5(320),5aa5(90)aa5(320)aaA_n1_m1_x1_y1_z1,[],"td CAM-B3LYP/6-31g(d,p) geom=check guess=read",-7.1133278545,0.1042196002,64,1.3445,-1656.3471162,4.61E+000,0.2833333333
logs/55(170)5(30).log,55(170)5(30),5aa5(170)aa5(30)aaA_n1_m1_x1_y1_z1,[],"opt CAM-B3LYP/6-31g(d,p) geom=(modredundant,connectivity)",-6.5462426148,-0.4005515704,64,0.515,-1656.3510984,---,0.7166666667
logs/55(170)5(30).log,55(170)5(30),5aa5(170)aa5(30)aaA_n1_m1_x1_y1_z1,[],"td CAM-B3LYP/6-31g(d,p) geom=check guess=read",-6.5462426148,-0.4005515704,64,0.515,-1656.3510984,3.80E+000,0.2
logs/55(110)5(360).log,55(110)5(360),5aa5(110)aa5(360)aaA_n1_m1_x1_y1_z1,[],"opt CAM-B3LYP/6-31g(d,p) geom=(modredundant,connectivity)",-6.8145468597,-0.1733365152,64,1.0628,-1656.3474444,---,0.7166666667
logs/55(110)5(360).log,55(110)5(360),5aa5(110)aa5(360)aaA_n1_m1_x1_y1_z1,[],"td B3LYP/6-31g(d,p) geom=check guess=read",-5.47547466,-1.3292761015,64,1.0052,-1656.6384867,3.86E+000,0.1833333333
logs/55(60)5(120).log,55(60)5(120),5aa5(60)aa5(120)aaA_n1_m1_x1_y1_z1,[],"opt CAM-B3LYP/6-31g(d,p) geom=(modredundant,connectivity)",-7.0627146805,0.0938792743,64,0.496,-1656.3483121,---,0.7166666667
logs/55(60)5(120).log,55(60)5(120),5aa5(60)aa5(120)aaA_n1_m1_x1_y1_z1,[],"td B3LYP/6-31g(d,p) geom=check guess=read",-5.6899003648,-1.1017889324,64,0.4653,-1656.6388552,4.15E+000,0.2166666667
logs/55(140)5(190).log,55(140)5(190),5aa5(140)aa5(190)aaA_n1_m1_x1_y1_z1,[],"opt CAM-B3LYP/6-31g(d,p) geom=(modredundant,connectivity)",-6.6191691236,-0.3425913228,64,0.7165,-1656.3517761,---,0.7166666667
logs/55(140)5(190).log,55(140)5(190),5aa5(140)aa5(190)aaA_n1_m1_x1_y1_z1,[],"td B3LYP/6-31g(d,p) geom=check guess=read",-5.3122063569,-1.4713195252,64,0.6791,-1656.6432514,3.57E+000,0.2333333333
logs/55(10)5(290).log,55(10)5(290),5aa5(10)aa5(290)aaA_n1_m1_x1_y1_z1,[],"opt CAM-B3LYP/6-31g(d,p) geom=(modredundant,connectivity)",-6.8112814936,-0.1695269214,64,1.4138,-1656.3474939,---,0.7166666667
logs/55(10)5(290).log,55(10)5(290),5aa5(10)aa5(290)aaA_n1_m1_x1_y1_z1,[],"td CAM-B3LYP/6-31g(d,p) geom=check guess=read",-6.8112814936,-0.1695269214,64,1.4138,-1656.3474939,4.17E+000,0.2166666667
logs/55(60)5(270).log,55(60)5(270),5aa5(60)aa5(270)aaA_n1_m1_x1_y1_z1,[],"opt CAM-B3LYP/6-31g(d,p) geom=(modredundant,connectivity)",-7.3250324209,0.2908896934,64,1.383,-1656.3460277,---,0.7166666667
logs/55(60)5(270).log,55(60)5(270),5aa5(60)aa5(270)aaA_n1_m1_x1_y1_z1,[],"td B3LYP/6-31g(d,p) geom=check guess=read",-5.9190202169,-0.9357994909,64,1.3037,-1656.6362941,4.50E+000,0.1833333333
logs/55(60)5(210).log,55(60)5(210),5aa5(60)aa5(210)aaA_n1_m1_x1_y1_z1,[],"opt CAM-B3LYP/6-31g(d,p) geom=(modredundant,connectivity)",-6.9203991429,-0.0568717923,64,0.9607,-1656.3497184,---,0.7166666667
logs/55(60)5(210).log,55(60)5(210),5aa5(60)aa5(210)aaA_n1_m1_x1_y1_z1,[],"td CAM-B3LYP/6-31g(d,p) geom=check guess=read",-6.9203991429,-0.0568717923,64,0.9607,-1656.3497184,4.33E+000,0.2333333333
logs/55(0)5(100).log,55(0)5(100),5aa5(0)aa5(100)aaA_n1_m1_x1_y1_z1,[],"opt CAM-B3LYP/6-31g(d,p) geom=(modredundant,connectivity)",-6.8627110091,-0.1423155376,64,1.14,-1656.3467239,---,0.6166666667
logs/55(0)5(100).log,55(0)5(100),5aa5(0)aa5(100)aaA_n1_m1_x1_y1_z1,[],"td CAM-B3LYP/6-31g(d,p) geom=check guess=read",-6.8627110091,-0.1423155376,64,1.14,-1656.3467239,4.22E+000,0.2666666667
logs/55(140)5(310).log,55(140)5(310),5aa5(140)aa5(310)aaA_n1_m1_x1_y1_z1,[],"opt CAM-B3LYP/6-31g(d,p) geom=(modredundant,connectivity)",-6.9212154844,-0.0468035802,64,0.9932,-1656.3498834,---,0.7166666667
logs/55(140)5(310).log,55(140)5(310),5aa5(140)aa5(310)aaA_n1_m1_x1_y1_z1,[],"td CAM-B3LYP/6-31g(d,p) geom=check guess=read",-6.9212154844,-0.0468035802,64,0.9932,-1656.3498834,4.35E+000,0.25
logs/55(100)5(40).log,55(100)5(40),5aa5(100)aa5(40)aaA_n1_m1_x1_y1_z1,[],"opt CAM-B3LYP/6-31g(d,p) geom=(modredundant,connectivity)",-7.0594493144,0.0680284596,64,0.8761,-1656.347458,---,0.6166666667
logs/55(100)5(40).log,55(100)5(40),5aa5(100)aa5(40)aaA_n1_m1_x1_y1_z1,[],"td B3LYP/6-31g(d,p) geom=check guess=read",-5.6874513403,-1.1235580395,64,0.8264,-1656.6380392,4.19E+000,0.15
logs/55(50)5(310).log,55(50)5(310),5aa5(50)aa5(310)aaA_n1_m1_x1_y1_z1,[],"opt CAM-B3LYP/6-31g(d,p) geom=(modredundant,connectivity)",-6.8749561319,-0.0655794351,64,1.5059,-1656.3492782,---,0.7166666667
logs/55(50)5(310).log,55(50)5(310),5aa5(50)aa5(310)aaA_n1_m1_x1_y1_z1,[],"td CAM-B3LYP/6-31g(d,p) geom=check guess=read",-6.8749561319,-0.0655794351,64,1.5059,-1656.3492782,4.32E+000,0.25
logs/55(140)5(300).log,55(140)5(300),5aa5(140)aa5(300)aaA_n1_m1_x1_y1_z1,[],"opt CAM-B3LYP/6-31g(d,p) geom=(modredundant,connectivity)",-7.0082919128,0.0214969932,64,1.013,-1656.3490771,---,0.7166666667
logs/55(140)5(300).log,55(140)5(300),5aa5(140)aa5(300)aaA_n1_m1_x1_y1_z1,[],"td B3LYP/6-31g(d,p) geom=check guess=read",-5.6450015814,-1.1651914568,64,0.9561,-1656.6397714,4.07E+000,0.2
logs/55(70)5(180).log,55(70)5(180),5aa5(70)aa5(180)aaA_n1_m1_x1_y1_z1,[],"opt CAM-B3LYP/6-31g(d,p) geom=(modredundant,connectivity)",-6.8344111699,-0.1697990353,64,0.6302,-1656.3488948,---,0.7166666667
logs/55(70)5(180).log,55(70)5(180),5aa5(70)aa5(180)aaA_n1_m1_x1_y1_z1,[],"td B3LYP/6-31g(d,p) geom=check guess=read",-5.493978401,-1.3279155323,64,0.5931,-1656.6398802,3.87E+000,0.1833333333
logs/55(150)5(170).log,55(150)5(170),5aa5(150)aa5(170)aaA_n1_m1_x1_y1_z1,[],"opt CAM-B3LYP/6-31g(d,p) geom=(modredundant,connectivity)",-6.5835222107,-0.3842247401,64,0.5794,-1656.3521588,---,0.6166666667
logs/55(150)5(170).log,55(150)5(170),5aa5(150)aa5(170)aaA_n1_m1_x1_y1_z1,[],"td CAM-B3LYP/6-31g(d,p) geom=check guess=read",-6.5835222107,-0.3842247401,64,0.5794,-1656.3521588,3.83E+000,0.25
logs/55(160)5(140).log,55(160)5(140),5aa5(160)aa5(140)aaA_n1_m1_x1_y1_z1,[],"opt CAM-B3LYP/6-31g(d,p) geom=(modredundant,connectivity)",-6.6912792908,-0.2775561154,64,0.5008,-1656.3517215,---,0.7166666667
logs/55(160)5(140).log,55(160)5(140),5aa5(160)aa5(140)aaA_n1_m1_x1_y1_z1,[],"td B3LYP/6-31g(d,p) geom=check guess=read",-5.3742483121,-1.4179852129,64,0.475,-1656.6430347,3.64E+000,0.2333333333
logs/55(100)5(30).log,55(100)5(30),5aa5(100)aa5(30)aaA_n1_m1_x1_y1_z1,[],"opt CAM-B3LYP/6-31g(d,p) geom=(modredundant,connectivity)",-6.9723728861,-0.0201364241,64,0.9528,-1656.3475065,---,0.7166666667
logs/55(100)5(30).log,55(100)5(30),5aa5(100)aa5(30)aaA_n1_m1_x1_y1_z1,[],"td B3LYP/6-31g(d,p) geom=check guess=read",-5.612075807,-1.198661459,64,0.8996,-1656.638243,4.09E+000,0.1833333333
logs/55(180)5(230).log,55(180)5(230),5aa5(180)aa5(230)aaA_n1_m1_x1_y1_z1,[],"opt CAM-B3LYP/6-31g(d,p) geom=(modredundant,connectivity)",-6.6885581524,-0.2824541645,64,0.6603,-1656.3510168,---,0.6166666667
logs/55(180)5(230).log,55(180)5(230),5aa5(180)aa5(230)aaA_n1_m1_x1_y1_z1,[],"td B3LYP/6-31g(d,p) geom=check guess=read",-5.3704387183,-1.4212505789,64,0.6255,-1656.6423134,3.66E+000,0.1833333333
logs/55(0)5(30).log,55(0)5(30),5aa5(0)aa5(30)aaA_n1_m1_x1_y1_z1,[],"opt CAM-B3LYP/6-31g(d,p) geom=(modredundant,connectivity)",-6.6354959539,-0.2908896934,64,1.5587,-1656.3501525,---,2.8
logs/55(0)5(30).log,55(0)5(30),5aa5(0)aa5(30)aaA_n1_m1_x1_y1_z1,[],"td CAM-B3LYP/6-31g(d,p) geom=check guess=read",-6.6354959539,-0.2908896934,64,1.5587,-1656.3501525,3.96E+000,0.2166666667
logs/55(10)5(10).log,55(10)5(10),5aa5(10)aa5(10)aaA_n1_m1_x1_y1_z1,[],"opt CAM-B3LYP/6-31g(d,p) geom=(modredundant,connectivity)",-6.4632478941,-0.4658588917,64,1.5843,-1656.3488828,---,0.6333333333
logs/55(10)5(10).log,55(10)5(10),5aa5(10)aa5(10)aaA_n1_m1_x1_y1_z1,[],"td B3LYP/6-31g(d,p) geom=check guess=read",-5.1769657791,-1.5722737593,64,1.5073,-1656.6408688,3.40E+000,0.1833333333
logs/55(10)5(160).log,55(10)5(160),5aa5(10)aa5(160)aaA_n1_m1_x1_y1_z1,[],"opt CAM-B3LYP/6-31g(d,p) geom=(modredundant,connectivity)",-6.4986226931,-0.4481714921,64,0.5956,-1656.3506329,---,0.7166666667
logs/55(10)5(160).log,55(10)5(160),5aa5(10)aa5(160)aaA_n1_m1_x1_y1_z1,[],"td CAM-B3LYP/6-31g(d,p) geom=check guess=read",-6.4986226931,-0.4481714921,64,0.5956,-1656.3506329,3.73E+000,0.2
logs/55(140)5(0).log,55(140)5(0),5aa5(140)aa5(0)aaA_n1_m1_x1_y1_z1,[],"opt CAM-B3LYP/6-31g(d,p) geom=(modredundant,connectivity)",-6.6635236793,-0.2862637582,64,0.8321,-1656.3519894,---,0.8333333333
logs/55(140)5(0).log,55(140)5(0),5aa5(140)aa5(0)aaA_n1_m1_x1_y1_z1,[],"td CAM-B3LYP/6-31g(d,p) geom=check guess=read",-6.6635236793,-0.2862637582,64,0.8321,-1656.3519894,3.98E+000,0.2166666667
logs/55(100)5(190).log,55(100)5(190),5aa5(100)aa5(190)aaA_n1_m1_x1_y1_z1,[],"opt CAM-B3LYP/6-31g(d,p) geom=(modredundant,connectivity)",-6.8874733684,-0.1303425287,64,0.7444,-1656.3484465,---,0.7166666667
logs/55(100)5(190).log,55(100)5(190),5aa5(100)aa5(190)aaA_n1_m1_x1_y1_z1,[],"td B3LYP/6-31g(d,p) geom=check guess=read",-5.5396935259,-1.2941734163,64,0.7023,-1656.6393144,3.97E+000,0.1833333333
logs/55(70)5(130).log,55(70)5(130),5aa5(70)aa5(130)aaA_n1_m1_x1_y1_z1,[],"opt CAM-B3LYP/6-31g(d,p) geom=(modredundant,connectivity)",-7.0725107787,0.0878927699,64,0.3584,-1656.3482755,---,0.6166666667
logs/55(70)5(130).log,55(70)5(130),5aa5(70)aa5(130)aaA_n1_m1_x1_y1_z1,[],"td B3LYP/6-31g(d,p) geom=check guess=read",-5.699696463,-1.1072312092,64,0.3332,-1656.6388179,4.17E+000,0.1666666667
logs/55(160)5(80).log,55(160)5(80),5aa5(160)aa5(80)aaA_n1_m1_x1_y1_z1,[],"opt CAM-B3LYP/6-31g(d,p) geom=(modredundant,connectivity)",-6.910058817,-0.0995936649,64,0.3831,-1656.3486807,---,0.7166666667
logs/55(160)5(80).log,55(160)5(80),5aa5(160)aa5(80)aaA_n1_m1_x1_y1_z1,[],"td CAM-B3LYP/6-31g(d,p) geom=check guess=read",-6.910058817,-0.0995936649,64,0.383,-1656.3486807,4.28E+000,0.2666666667
logs/55(30)5(210).log,55(30)5(210),5aa5(30)aa5(210)aaA_n1_m1_x1_y1_z1,[],"opt CAM-B3LYP/6-31g(d,p) geom=(modredundant,connectivity)",-6.6708707529,-0.2772840015,64,0.8644,-1656.3510229,---,0.7166666667
logs/55(30)5(210).log,55(30)5(210),5aa5(30)aa5(210)aaA_n1_m1_x1_y1_z1,[],"td B3LYP/6-31g(d,p) geom=check guess=read",-5.3554724572,-1.4166246437,64,0.8207,-1656.6423989,3.63E+000,0.1833333333
logs/55(0)5(280).log,55(0)5(280),5aa5(0)aa5(280)aaA_n1_m1_x1_y1_z1,[],"opt CAM-B3LYP/6-31g(d,p) geom=(modredundant,connectivity)",-7.0110130511,0.0130614643,64,1.4053,-1656.3474647,---,2.45
logs/55(0)5(280).log,55(0)5(280),5aa5(0)aa5(280)aaA_n1_m1_x1_y1_z1,[],"td B3LYP/6-31g(d,p) geom=check guess=read",-5.6466342645,-1.1711779613,64,1.328,-1656.6381582,4.13E+000,0.15
logs/55(90)5(310).log,55(90)5(310),5aa5(90)aa5(310)aaA_n1_m1_x1_y1_z1,[],"opt CAM-B3LYP/6-31g(d,p) geom=(modredundant,connectivity)",-7.2311531466,0.2108882249,64,1.3558,-1656.3466132,---,0.7166666667
logs/55(90)5(310).log,55(90)5(310),5aa5(90)aa5(310)aaA_n1_m1_x1_y1_z1,[],"td B3LYP/6-31g(d,p) geom=check guess=read",-5.8384745207,-1.0035558367,64,1.2789,-1656.6369952,4.4222,0.1833333333
logs/55(0)5(360).log,55(0)5(360),5aa5(0)aa5(360)aaA_n1_m1_x1_y1_z1,[],"opt CAM-B3LYP/6-31g(d,p) geom=(modredundant,connectivity)",-6.4390297624,-0.490621251,64,1.601,-1656.3485638,---,0.5666666667
logs/55(0)5(360).log,55(0)5(360),5aa5(0)aa5(360)aaA_n1_m1_x1_y1_z1,[],"td B3LYP/6-31g(d,p) geom=check guess=read",-5.1562851274,-1.5924101834,64,1.5235,-1656.6406244,3.3683,0.1833333333
logs/55(40)5(70).log,55(40)5(70),5aa5(40)aa5(70)aaA_n1_m1_x1_y1_z1,[],"opt CAM-B3LYP/6-31g(d,p) geom=(modredundant,connectivity)",-7.0673406157,0.075919761,64,1.1074,-1656.3475399,---,0.7166666667
logs/55(40)5(70).log,55(40)5(70),5aa5(40)aa5(70)aaA_n1_m1_x1_y1_z1,[],"td CAM-B3LYP/6-31g(d,p) geom=check guess=read",-7.0673406157,0.075919761,64,1.1074,-1656.3475399,4.5474,0.25
logs/55(170)5(220).log,55(170)5(220),5aa5(170)aa5(220)aaA_n1_m1_x1_y1_z1,[],"opt CAM-B3LYP/6-31g(d,p) geom=(modredundant,connectivity)",-6.6145431883,-0.3453124612,64,0.7411,-1656.3518886,---,0.7333333333
logs/55(170)5(220).log,55(170)5(220),5aa5(170)aa5(220)aaA_n1_m1_x1_y1_z1,[],"td B3LYP/6-31g(d,p) geom=check guess=read",-5.3083967631,-1.4732243221,64,0.7024,-1656.643379,3.5655,0.2333333333
logs/55(40)5(90).log,55(40)5(90),5aa5(40)aa5(90)aaA_n1_m1_x1_y1_z1,[],"opt CAM-B3LYP/6-31g(d,p) geom=(modredundant,connectivity)",-7.082034763,0.0832668346,64,0.9247,-1656.3472479,---,0.6166666667
logs/55(40)5(90).log,55(40)5(90),5aa5(40)aa5(90)aaA_n1_m1_x1_y1_z1,[],"td B3LYP/6-31g(d,p) geom=check guess=read",-5.7070435366,-1.1110408029,64,8.72E-001,-1656.6378073,4.24E+000,0.15
logs/55(170)5(120).log,55(170)5(120),5aa5(170)aa5(120)aaA_n1_m1_x1_y1_z1,[],"opt CAM-B3LYP/6-31g(d,p) geom=(modredundant,connectivity)",-6.7916892972,-0.1983709883,64,0.5449,-1656.3499688,---,0.6166666667
logs/55(170)5(120).log,55(170)5(120),5aa5(170)aa5(120)aaA_n1_m1_x1_y1_z1,[],"td CAM-B3LYP/6-31g(d,p) geom=check guess=read",-6.7916892972,-0.1983709883,64,0.5449,-1656.3499688,4.1194,0.1833333333
logs/55(120)5(350).log,55(120)5(350),5aa5(120)aa5(350)aaA_n1_m1_x1_y1_z1,[],"opt CAM-B3LYP/6-31g(d,p) geom=(modredundant,connectivity)",-6.7759066946,-0.1937450531,64,1.0264,-1656.3486504,---,0.7166666667
logs/55(120)5(350).log,55(120)5(350),5aa5(120)aa5(350)aaA_n1_m1_x1_y1_z1,[],"td B3LYP/6-31g(d,p) geom=check guess=read",-5.4430931132,-1.3464192733,64,0.9719,-1656.6397694,3.7854,0.2
logs/55(80)5(260).log,55(80)5(260),5aa5(80)aa5(260)aaA_n1_m1_x1_y1_z1,[],"opt CAM-B3LYP/6-31g(d,p) geom=(modredundant,connectivity)",-7.6605487838,0.5336152375,64,1.2982,-1656.3447893,---,0.7
logs/55(80)5(260).log,55(80)5(260),5aa5(80)aa5(260)aaA_n1_m1_x1_y1_z1,[],"td CAM-B3LYP/6-31g(d,p) geom=check guess=read",-7.6605487838,0.5336152375,64,1.2982,-1656.3447893,5.3731,0.25
logs/55(80)5(240).log,55(80)5(240),5aa5(80)aa5(240)aaA_n1_m1_x1_y1_z1,[],"opt CAM-B3LYP/6-31g(d,p) geom=(modredundant,connectivity)",-7.3859859207,0.3434076643,64,1.1836,-1656.3462127,---,0.7166666667
logs/55(80)5(240).log,55(80)5(240),5aa5(80)aa5(240)aaA_n1_m1_x1_y1_z1,[],"td B3LYP/6-31g(d,p) geom=check guess=read",-5.9720824154,-0.8909007075,64,1.1139,-1656.6364373,4.5639,0.1833333333
logs/55(150)5(130).log,55(150)5(130),5aa5(150)aa5(130)aaA_n1_m1_x1_y1_z1,[],"opt CAM-B3LYP/6-31g(d,p) geom=(modredundant,connectivity)",-6.8374044221,-0.139866513,64,0.3775,-1656.3507852,---,0.7
logs/55(150)5(130).log,55(150)5(130),5aa5(150)aa5(130)aaA_n1_m1_x1_y1_z1,[],"td B3LYP/6-31g(d,p) geom=check guess=read",-5.4988764501,-1.3020647176,64,0.3588,-1656.6417745,3.8317,0.2166666667
logs/55(110)5(130).log,55(110)5(130),5aa5(110)aa5(130)aaA_n1_m1_x1_y1_z1,[],"opt CAM-B3LYP/6-31g(d,p) geom=(modredundant,connectivity)",-7.2031254212,0.1880306625,64,0.083,-1656.3479001,---,0.7
logs/55(110)5(130).log,55(110)5(130),5aa5(110)aa5(130)aaA_n1_m1_x1_y1_z1,[],"td CAM-B3LYP/6-31g(d,p) geom=check guess=read",-7.2031254212,0.1880306625,64,0.083,-1656.3479001,4.7433,0.2333333333
logs/55(80)5(20).log,55(80)5(20),5aa5(80)aa5(20)aaA_n1_m1_x1_y1_z1,[],"opt CAM-B3LYP/6-31g(d,p) geom=(modredundant,connectivity)",-6.9391749978,-0.0612256137,64,1.1859,-1656.3471824,---,0.7166666667
logs/55(80)5(20).log,55(80)5(20),5aa5(80)aa5(20)aaA_n1_m1_x1_y1_z1,[],"td CAM-B3LYP/6-31g(d,p) geom=check guess=read",-6.9391749978,-0.0612256137,64,1.1859,-1656.3471824,4.3373,0.2666666667
logs/55(40)5(250).log,55(40)5(250),5aa5(40)aa5(250)aaA_n1_m1_x1_y1_z1,[],"opt CAM-B3LYP/6-31g(d,p) geom=(modredundant,connectivity)",-7.065163705,0.0677563458,64,1.2373,-1656.3477201,---,0.7166666667
logs/55(40)5(250).log,55(40)5(250),5aa5(40)aa5(250)aaA_n1_m1_x1_y1_z1,[],"td B3LYP/6-31g(d,p) geom=check guess=read",-5.6939820724,-1.1251907226,64,1.1684,-1656.6383349,4.1841,0.1833333333
logs/55(150)5(350).log,55(150)5(350),5aa5(150)aa5(350)aaA_n1_m1_x1_y1_z1,[],"opt CAM-B3LYP/6-31g(d,p) geom=(modredundant,connectivity)",-6.5650184697,-0.3828641709,64,0.7716,-1656.3506496,---,0.7166666667
logs/55(150)5(350).log,55(150)5(350),5aa5(150)aa5(350)aaA_n1_m1_x1_y1_z1,[],"td B3LYP/6-31g(d,p) geom=check guess=read",-5.2651306628,-1.5047895274,64,0.7342,-1656.6423022,3.5045,0.1833333333
logs/55(130)5(40).log,55(130)5(40),5aa5(130)aa5(40)aaA_n1_m1_x1_y1_z1,[],"opt CAM-B3LYP/6-31g(d,p) geom=(modredundant,connectivity)",-6.7979479155,-0.1409549684,64,0.633,-1656.3501851,---,0.7166666667
logs/55(130)5(40).log,55(130)5(40),5aa5(130)aa5(40)aaA_n1_m1_x1_y1_z1,[],"td CAM-B3LYP/6-31g(d,p) geom=check guess=read",-6.7979479155,-0.1409549684,64,0.633,-1656.3501851,4.2039,0.25
logs/55(180)5(300).log,55(180)5(300),5aa5(180)aa5(300)aaA_n1_m1_x1_y1_z1,[],"opt CAM-B3LYP/6-31g(d,p) geom=(modredundant,connectivity)",-6.7625731165,-0.2201400954,64,0.5833,-1656.349711,---,0.7166666667
logs/55(180)5(300).log,55(180)5(300),5aa5(180)aa5(300)aaA_n1_m1_x1_y1_z1,[],"td B3LYP/6-31g(d,p) geom=check guess=read",-5.4324806735,-1.3698210634,64,0.5493,-1656.6408525,3.7581,0.1833333333
logs/55(100)5(60).log,55(100)5(60),5aa5(100)aa5(60)aaA_n1_m1_x1_y1_z1,[],"opt CAM-B3LYP/6-31g(d,p) geom=(modredundant,connectivity)",-7.2836711174,0.2674879033,64,0.7117,-1656.3463255,---,0.7166666667
logs/55(100)5(60).log,55(100)5(60),5aa5(100)aa5(60)aaA_n1_m1_x1_y1_z1,[],"td CAM-B3LYP/6-31g(d,p) geom=check guess=read",-7.2836711174,0.2674879033,64,0.7117,-1656.3463255,4.8852,0.2666666667
logs/55(160)5(60).log,55(160)5(60),5aa5(160)aa5(60)aaA_n1_m1_x1_y1_z1,[],"opt CAM-B3LYP/6-31g(d,p) geom=(modredundant,connectivity)",-6.7729134424,-0.1940171669,64,0.415,-1656.3501714,---,0.7166666667
logs/55(160)5(60).log,55(160)5(60),5aa5(160)aa5(60)aaA_n1_m1_x1_y1_z1,[],"td B3LYP/6-31g(d,p) geom=check guess=read",-5.4422767717,-1.3461471595,64,0.3885,-1656.6412776,3.7806,0.2
logs/55(40)5(10).log,55(40)5(10),5aa5(40)aa5(10)aaA_n1_m1_x1_y1_z1,[],"opt CAM-B3LYP/6-31g(d,p) geom=(modredundant,connectivity)",-6.6210739205,-0.3137472559,64,1.4789,-1656.3494594,---,0.7166666667
logs/55(40)5(10).log,55(40)5(10),5aa5(40)aa5(10)aaA_n1_m1_x1_y1_z1,[],"td B3LYP/6-31g(d,p) geom=check guess=read",-5.3108457877,-1.4457408244,64,1.4038,-1656.6409728,3.5884,0.1833333333
logs/55(180)5(250).log,55(180)5(250),5aa5(180)aa5(250)aaA_n1_m1_x1_y1_z1,[],"opt CAM-B3LYP/6-31g(d,p) geom=(modredundant,connectivity)",-6.8300573485,-0.1733365152,64,0.6448,-1656.3491011,---,0.7166666667
logs/55(180)5(250).log,55(180)5(250),5aa5(180)aa5(250)aaA_n1_m1_x1_y1_z1,[],"td CAM-B3LYP/6-31g(d,p) geom=check guess=read",-6.8300573485,-0.1733365152,64,0.6448,-1656.3491011,4.1641,0.3
logs/55(150)5(40).log,55(150)5(40),5aa5(150)aa5(40)aaA_n1_m1_x1_y1_z1,[],"opt CAM-B3LYP/6-31g(d,p) geom=(modredundant,connectivity)",-6.6635236793,-0.2740186355,64,0.5103,-1656.3512389,---,0.7166666667
logs/55(150)5(40).log,55(150)5(40),5aa5(150)aa5(40)aaA_n1_m1_x1_y1_z1,[],"td B3LYP/6-31g(d,p) geom=check guess=read",-5.3492138389,-1.4117265946,64,0.4835,-1656.6426094,3.6465,0.2
logs/55(100)5(170).log,55(100)5(170),5aa5(100)aa5(170)aaA_n1_m1_x1_y1_z1,[],"opt CAM-B3LYP/6-31g(d,p) geom=(modredundant,connectivity)",-6.9021675157,-0.119730089,64,0.487,-1656.3484978,---,0.7166666667
logs/55(100)5(170).log,55(100)5(170),5aa5(100)aa5(170)aaA_n1_m1_x1_y1_z1,[],"td CAM-B3LYP/6-31g(d,p) geom=check guess=read",-6.9021675157,-0.119730089,64,0.487,-1656.3484978,4.2522,0.3333333333
logs/55(130)5(200).log,55(130)5(200),5aa5(130)aa5(200)aaA_n1_m1_x1_y1_z1,[],"opt CAM-B3LYP/6-31g(d,p) geom=(modredundant,connectivity)",-6.7065176658,-0.2538822114,64,0.8048,-1656.35121,---,0.6166666667
logs/55(130)5(200).log,55(130)5(200),5aa5(130)aa5(200)aaA_n1_m1_x1_y1_z1,[],"td B3LYP/6-31g(d,p) geom=check guess=read",-5.3859492071,-1.3959439919,64,0.7622,-1656.6424596,3.6919,0.1833333333
logs/55(170)5(270).log,55(170)5(270),5aa5(170)aa5(270)aaA_n1_m1_x1_y1_z1,[],"opt CAM-B3LYP/6-31g(d,p) geom=(modredundant,connectivity)",-6.9106030447,-0.1153762676,64,0.7484,-1656.348183,---,0.7166666667
logs/55(170)5(270).log,55(170)5(270),5aa5(170)aa5(270)aaA_n1_m1_x1_y1_z1,[],"td B3LYP/6-31g(d,p) geom=check guess=read",-5.55982995,-1.2816561797,64,0.7056,-1656.6390207,4.017,0.1666666667
logs/55(40)5(260).log,55(40)5(260),5aa5(40)aa5(260)aaA_n1_m1_x1_y1_z1,[],"opt CAM-B3LYP/6-31g(d,p) geom=(modredundant,connectivity)",-7.0961846826,0.0878927699,64,1.3099,-1656.3472302,---,0.7166666667
logs/55(40)5(260).log,55(40)5(260),5aa5(40)aa5(260)aaA_n1_m1_x1_y1_z1,[],"td CAM-B3LYP/6-31g(d,p) geom=check guess=read",-7.0961846826,0.0878927699,64,1.3099,-1656.3472302,4.5783,0.3
logs/55(120)5(40).log,55(120)5(40),5aa5(120)aa5(40)aaA_n1_m1_x1_y1_z1,[],"opt CAM-B3LYP/6-31g(d,p) geom=(modredundant,connectivity)",-6.8855685716,-0.0661236628,64,0.7093,-1656.3492165,---,0.7166666667
logs/55(120)5(40).log,55(120)5(40),5aa5(120)aa5(40)aaA_n1_m1_x1_y1_z1,[],"td CAM-B3LYP/6-31g(d,p) geom=check guess=read",-6.8855685716,-0.0661236628,64,0.7093,-1656.3492165,4.3255,0.2833333333
logs/55(130)5(160).log,55(130)5(160),5aa5(130)aa5(160)aaA_n1_m1_x1_y1_z1,[],"opt CAM-B3LYP/6-31g(d,p) geom=(modredundant,connectivity)",-6.7688317348,-0.2043574928,64,0.4399,-1656.3512079,---,0.7166666667
logs/55(130)5(160).log,55(130)5(160),5aa5(130)aa5(160)aaA_n1_m1_x1_y1_z1,[],"td CAM-B3LYP/6-31g(d,p) geom=check guess=read",-6.7688317348,-0.2043574928,64,0.4399,-1656.3512079,4.1033,0.2833333333
logs/55(160)5(340).log,55(160)5(340),5aa5(160)aa5(340)aaA_n1_m1_x1_y1_z1,[],"opt CAM-B3LYP/6-31g(d,p) geom=(modredundant,connectivity)",-6.5546781438,-0.3951092936,64,0.7143,-1656.3509925,---,0.7166666667
logs/55(160)5(340).log,55(160)5(340),5aa5(160)aa5(340)aaA_n1_m1_x1_y1_z1,[],"td CAM-B3LYP/6-31g(d,p) geom=check guess=read",-6.5546781438,-0.3951092936,64,0.7143,-1656.3509925,3.8075,0.2
logs/55(130)5(230).log,55(130)5(230),5aa5(130)aa5(230)aaA_n1_m1_x1_y1_z1,[],"opt CAM-B3LYP/6-31g(d,p) geom=(modredundant,connectivity)",-6.8752282457,-0.0696611427,64,0.9649,-1656.350468,---,0.7166666667
logs/55(130)5(230).log,55(130)5(230),5aa5(130)aa5(230)aaA_n1_m1_x1_y1_z1,[],"td B3LYP/6-31g(d,p) geom=check guess=read",-5.5296253139,-1.2386621932,64,0.9117,-1656.6413157,3.922,0.2333333333
logs/55(10)5(350).log,55(10)5(350),5aa5(10)aa5(350)aaA_n1_m1_x1_y1_z1,[],"opt CAM-B3LYP/6-31g(d,p) geom=(modredundant,connectivity)",-6.4550844789,-0.4734780791,64,1.5973,-1656.3488415,---,0.7166666667
logs/55(10)5(350).log,55(10)5(350),5aa5(10)aa5(350)aaA_n1_m1_x1_y1_z1,[],"td B3LYP/6-31g(d,p) geom=check guess=read",-5.1701629331,-1.5782602638,64,1.5196,-1656.6408572,3.3886,0.1833333333
logs/55(180)5(190).log,55(180)5(190),5aa5(180)aa5(190)aaA_n1_m1_x1_y1_z1,[],"opt CAM-B3LYP/6-31g(d,p) geom=(modredundant,connectivity)",-6.4877381395,-0.483818405,64,0.6509,-1656.3519988,---,0.7166666667
logs/55(180)5(190).log,55(180)5(190),5aa5(180)aa5(190)aaA_n1_m1_x1_y1_z1,[],"td CAM-B3LYP/6-31g(d,p) geom=check guess=read",-6.4877381395,-0.483818405,64,0.6509,-1656.3519988,3.6845,0.2333333333
logs/55(150)5(110).log,55(150)5(110),5aa5(150)aa5(110)aaA_n1_m1_x1_y1_z1,[],"opt CAM-B3LYP/6-31g(d,p) geom=(modredundant,connectivity)",-6.9802641874,-0.0304767499,64,0.3013,-1656.348937,---,0.7166666667
logs/55(150)5(110).log,55(150)5(110),5aa5(150)aa5(110)aaA_n1_m1_x1_y1_z1,[],"td B3LYP/6-31g(d,p) geom=check guess=read",-5.6218719052,-1.2098181264,64,0.2833,-1656.6396564,4.059,0.1833333333
logs/55(120)5(250).log,55(120)5(250),5aa5(120)aa5(250)aaA_n1_m1_x1_y1_z1,[],"opt CAM-B3LYP/6-31g(d,p) geom=(modredundant,connectivity)",-7.1549612718,0.1717038321,64,1.0763,-1656.3476694,---,0.7166666667
logs/55(120)5(250).log,55(120)5(250),5aa5(120)aa5(250)aaA_n1_m1_x1_y1_z1,[],"td B3LYP/6-31g(d,p) geom=check guess=read",-5.7685412642,-1.035121042,64,1.0135,-1656.6380535,4.2605,0.2
logs/55(100)5(90).log,55(100)5(90),5aa5(100)aa5(90)aaA_n1_m1_x1_y1_z1,[],"opt CAM-B3LYP/6-31g(d,p) geom=(modredundant,connectivity)",-7.6363306522,0.5208258871,64,0.429,-1656.344776,---,0.7
logs/55(100)5(90).log,55(100)5(90),5aa5(100)aa5(90)aaA_n1_m1_x1_y1_z1,[],"td B3LYP/6-31g(d,p) geom=check guess=read",-6.1895013725,-0.7398775271,64,0.4,-1656.6348342,4.7422,0.2
logs/55(40)5(310).log,55(40)5(310),5aa5(40)aa5(310)aaA_n1_m1_x1_y1_z1,[],"opt CAM-B3LYP/6-31g(d,p) geom=(modredundant,connectivity)",-6.7911450696,-0.1417713099,64,1.5193,-1656.3497433,---,0.7166666667
logs/55(40)5(310).log,55(40)5(310),5aa5(40)aa5(310)aaA_n1_m1_x1_y1_z1,[],"td CAM-B3LYP/6-31g(d,p) geom=check guess=read",-6.7911450696,-0.1417713099,64,1.5193,-1656.3497433,4.1978,0.2333333333
logs/55(160)5(220).log,55(160)5(220),5aa5(160)aa5(220)aaA_n1_m1_x1_y1_z1,[],"opt CAM-B3LYP/6-31g(d,p) geom=(modredundant,connectivity)",-6.631958474,-0.3208222157,64,0.8058,-1656.3520817,---,0.7166666667
logs/55(160)5(220).log,55(160)5(220),5aa5(160)aa5(220)aaA_n1_m1_x1_y1_z1,[],"td B3LYP/6-31g(d,p) geom=check guess=read",-5.3233630242,-1.4519994427,64,0.7638,-1656.6435283,3.5954,0.2333333333
logs/55(50)5(10).log,55(50)5(10),5aa5(50)aa5(10)aaA_n1_m1_x1_y1_z1,[],"opt CAM-B3LYP/6-31g(d,p) geom=(modredundant,connectivity)",-6.6983542506,-0.247895707,64,1.4298,-1656.3490025,---,0.7166666667
logs/55(50)5(10).log,55(50)5(10),5aa5(50)aa5(10)aaA_n1_m1_x1_y1_z1,[],"td CAM-B3LYP/6-31g(d,p) geom=check guess=read",-6.6983542506,-0.247895707,64,1.4298,-1656.3490025,4.0288,0.2166666667
logs/55(60)5(140).log,55(60)5(140),5aa5(60)aa5(140)aaA_n1_m1_x1_y1_z1,[],"opt CAM-B3LYP/6-31g(d,p) geom=(modredundant,connectivity)",-6.8920993037,-0.0685726873,64,0.3921,-1656.3497513,---,0.7166666667
logs/55(60)5(140).log,55(60)5(140),5aa5(60)aa5(140)aaA_n1_m1_x1_y1_z1,[],"td B3LYP/6-31g(d,p) geom=check guess=read",-5.544591575,-1.2394785348,64,0.3663,-1656.6406021,3.9402,0.1833333333
logs/55(90)5(360).log,55(90)5(360),5aa5(90)aa5(360)aaA_n1_m1_x1_y1_z1,[],"opt CAM-B3LYP/6-31g(d,p) geom=(modredundant,connectivity)",-6.8820310917,-0.1303425287,64,1.2257,-1656.3464202,---,0.7166666667
logs/55(90)5(360).log,55(90)5(360),5aa5(90)aa5(360)aaA_n1_m1_x1_y1_z1,[],"td B3LYP/6-31g(d,p) geom=check guess=read",-5.5334349076,-1.2936291886,64,1.1584,-1656.6373516,3.9982,0.1666666667
logs/55(10)5(280).log,55(10)5(280),5aa5(10)aa5(280)aaA_n1_m1_x1_y1_z1,[],"opt CAM-B3LYP/6-31g(d,p) geom=(modredundant,connectivity)",-6.8673369444,-0.1333357809,64,1.3522,-1656.3468461,---,0.7166666667
logs/55(10)5(280).log,55(10)5(280),5aa5(10)aa5(280)aaA_n1_m1_x1_y1_z1,[],"td B3LYP/6-31g(d,p) geom=check guess=read",-5.5211897849,-1.2960782132,64,1.2784,-1656.6378067,3.9521,0.1833333333
logs/55(0)5(210).log,55(0)5(210),5aa5(0)aa5(210)aaA_n1_m1_x1_y1_z1,[],"opt CAM-B3LYP/6-31g(d,p) geom=(modredundant,connectivity)",-6.6450199382,-0.293338718,64,0.5345,-1656.3512876,---,2.1333333333
logs/55(0)5(210).log,55(0)5(210),5aa5(0)aa5(210)aaA_n1_m1_x1_y1_z1,[],"td B3LYP/6-31g(d,p) geom=check guess=read",-5.3334312363,-1.4277813111,64,0.5072,-1656.6427139,3.6216,0.2166666667
logs/55(110)5(260).log,55(110)5(260),5aa5(110)aa5(260)aaA_n1_m1_x1_y1_z1,[],"opt CAM-B3LYP/6-31g(d,p) geom=(modredundant,connectivity)",-7.3835368962,0.3488499411,64,1.1619,-1656.3458517,---,0.7166666667
logs/55(110)5(260).log,55(110)5(260),5aa5(110)aa5(260)aaA_n1_m1_x1_y1_z1,[],"td B3LYP/6-31g(d,p) geom=check guess=read",-5.966095911,-0.8851863169,64,1.0926,-1656.6360061,4.518,0.2
logs/55(110)5(180).log,55(110)5(180),5aa5(110)aa5(180)aaA_n1_m1_x1_y1_z1,[],"opt CAM-B3LYP/6-31g(d,p) geom=(modredundant,connectivity)",-6.8322342592,-0.171975946,64,0.6152,-1656.3491093,---,0.6166666667
logs/55(110)5(180).log,55(110)5(180),5aa5(110)aa5(180)aaA_n1_m1_x1_y1_z1,[],"td B3LYP/6-31g(d,p) geom=check guess=read",-5.4920736042,-1.3292761015,64,0.5809,-1656.640082,3.8619,0.15
logs/55(10)5(330).log,55(10)5(330),5aa5(10)aa5(330)aaA_n1_m1_x1_y1_z1,[],"opt CAM-B3LYP/6-31g(d,p) geom=(modredundant,connectivity)",-6.5277388738,-0.4000073427,64,1.5669,-1656.3494483,---,0.6166666667
logs/55(10)5(330).log,55(10)5(330),5aa5(10)aa5(330)aaA_n1_m1_x1_y1_z1,[],"td B3LYP/6-31g(d,p) geom=check guess=read",-5.2316606606,-1.5170346501,64,1.4892,-1656.6412309,3.4795,0.15
logs/55(50)5(280).log,55(50)5(280),5aa5(50)aa5(280)aaA_n1_m1_x1_y1_z1,[],"opt CAM-B3LYP/6-31g(d,p) geom=(modredundant,connectivity)",-7.1331921647,0.1385059438,64,1.4318,-1656.3471811,---,0.7
logs/55(50)5(280).log,55(50)5(280),5aa5(50)aa5(280)aaA_n1_m1_x1_y1_z1,[],"td B3LYP/6-31g(d,p) geom=check guess=read",-5.7516702062,-1.0645093365,64,1.3517,-1656.6376748,4.2522,0.2
logs/55(90)5(300).log,55(90)5(300),5aa5(90)aa5(300)aaA_n1_m1_x1_y1_z1,[],"opt CAM-B3LYP/6-31g(d,p) geom=(modredundant,connectivity)",-7.3655773828,0.321910671,64,1.358,-1656.3458713,---,0.6166666667
logs/55(90)5(300).log,55(90)5(300),5aa5(90)aa5(300)aaA_n1_m1_x1_y1_z1,[],"td CAM-B3LYP/6-31g(d,p) geom=check guess=read",-7.3655773828,0.321910671,64,1.358,-1656.3458713,4.9764,0.25
logs/55(170)5(100).log,55(170)5(100),5aa5(170)aa5(100)aaA_n1_m1_x1_y1_z1,[],"opt CAM-B3LYP/6-31g(d,p) geom=(modredundant,connectivity)",-6.9010790604,-0.1227233412,64,0.509,-1656.3483888,---,0.7166666667
logs/55(170)5(100).log,55(170)5(100),5aa5(170)aa5(100)aaA_n1_m1_x1_y1_z1,[],"td B3LYP/6-31g(d,p) geom=check guess=read",-5.5519386487,-1.2881869119,64,0.4786,-1656.6392384,3.9869,0.1666666667
logs/55(30)5(350).log,55(30)5(350),5aa5(30)aa5(350)aaA_n1_m1_x1_y1_z1,[],"opt CAM-B3LYP/6-31g(d,p) geom=(modredundant,connectivity)",-6.5304600122,-0.3981025459,64,1.5622,-1656.3493828,---,0.7166666667
logs/55(30)5(350).log,55(30)5(350),5aa5(30)aa5(350)aaA_n1_m1_x1_y1_z1,[],"td CAM-B3LYP/6-31g(d,p) geom=check guess=read",-6.5304600122,-0.3981025459,64,1.5622,-1656.3493828,3.7976,0.2
logs/55(90)5(190).log,55(90)5(190),5aa5(90)aa5(190)aaA_n1_m1_x1_y1_z1,[],"opt CAM-B3LYP/6-31g(d,p) geom=(modredundant,connectivity)",-6.9135962969,-0.1126551292,64,0.7548,-1656.3481741,---,0.7166666667
logs/55(90)5(190).log,55(90)5(190),5aa5(90)aa5(190)aaA_n1_m1_x1_y1_z1,[],"td B3LYP/6-31g(d,p) geom=check guess=read",-5.5625510884,-1.279479269,64,0.7116,-1656.6390065,4.022,0.1666666667
logs/55(90)5(30).log,55(90)5(30),5aa5(90)aa5(30)aaA_n1_m1_x1_y1_z1,[],"opt CAM-B3LYP/6-31g(d,p) geom=(modredundant,connectivity)",-7.0164553279,0.0138778058,64,1.0371,-1656.3472194,---,0.7166666667
logs/55(90)5(30).log,55(90)5(30),5aa5(90)aa5(30)aaA_n1_m1_x1_y1_z1,[],"td B3LYP/6-31g(d,p) geom=check guess=read",-5.6507159721,-1.1703616198,64,0.9788,-1656.6379034,4.1733,0.1833333333
logs/55(60)5(290).log,55(60)5(290),5aa5(60)aa5(290)aaA_n1_m1_x1_y1_z1,[],"opt CAM-B3LYP/6-31g(d,p) geom=(modredundant,connectivity)",-7.1639410284,0.1741528567,64,1.4558,-1656.3470842,---,0.7166666667
logs/55(60)5(290).log,55(60)5(290),5aa5(60)aa5(290)aaA_n1_m1_x1_y1_z1,[],"td CAM-B3LYP/6-31g(d,p) geom=check guess=read",-7.1639410284,0.1741528567,64,1.4557,-1656.3470842,4.731,0.3
logs/55(20)5(330).log,55(20)5(330),5aa5(20)aa5(330)aaA_n1_m1_x1_y1_z1,[],"opt CAM-B3LYP/6-31g(d,p) geom=(modredundant,connectivity)",-6.5505964363,-0.3752449834,64,1.5673,-1656.3497904,---,0.7166666667
logs/55(20)5(330).log,55(20)5(330),5aa5(20)aa5(330)aaA_n1_m1_x1_y1_z1,[],"td CAM-B3LYP/6-31g(d,p) geom=check guess=read",-6.5505964363,-0.3752449834,64,1.5673,-1656.3497904,3.8324,0.2166666667
logs/55(50)5(40).log,55(50)5(40),5aa5(50)aa5(40)aaA_n1_m1_x1_y1_z1,[],"opt CAM-B3LYP/6-31g(d,p) geom=(modredundant,connectivity)",-6.9141405246,-0.0331978883,64,1.2604,-1656.349204,---,0.7166666667
logs/55(50)5(40).log,55(50)5(40),5aa5(50)aa5(40)aaA_n1_m1_x1_y1_z1,[],"td B3LYP/6-31g(d,p) geom=check guess=read",-5.5617347468,-1.210362354,64,1.1923,-1656.6400639,3.9473,0.2
logs/55(10)5(190).log,55(10)5(190),5aa5(10)aa5(190)aaA_n1_m1_x1_y1_z1,[],"opt CAM-B3LYP/6-31g(d,p) geom=(modredundant,connectivity)",-6.4820237489,-0.4688521439,64,0.6121,-1656.3505057,---,0.6166666667
logs/55(10)5(190).log,55(10)5(190),5aa5(10)aa5(190)aaA_n1_m1_x1_y1_z1,[],"td CAM-B3LYP/6-31g(d,p) geom=check guess=read",-6.4820237489,-0.4688521439,64,0.6121,-1656.3505057,3.6995,0.1833333333
logs/55(70)5(20).log,55(70)5(20),5aa5(70)aa5(20)aaA_n1_m1_x1_y1_z1,[],"opt CAM-B3LYP/6-31g(d,p) geom=(modredundant,connectivity)",-6.8980858081,-0.0846274038,64,1.2572,-1656.3477935,---,0.7333333333
logs/55(70)5(20).log,55(70)5(20),5aa5(70)aa5(20)aaA_n1_m1_x1_y1_z1,[],"td CAM-B3LYP/6-31g(d,p) geom=check guess=read",-6.8980858081,-0.0846274038,64,1.2572,-1656.3477935,4.2934,0.2333333333
logs/55(30)5(260).log,55(30)5(260),5aa5(30)aa5(260)aaA_n1_m1_x1_y1_z1,[],"opt CAM-B3LYP/6-31g(d,p) geom=(modredundant,connectivity)",-7.0017611806,-0.0043538214,64,1.2838,-1656.3473052,---,0.7166666667
logs/55(30)5(260).log,55(30)5(260),5aa5(30)aa5(260)aaA_n1_m1_x1_y1_z1,[],"td CAM-B3LYP/6-31g(d,p) geom=check guess=read",-7.0017611806,-0.0043538214,64,1.2838,-1656.3473052,4.4311,0.3
logs/55(150)5(320).log,55(150)5(320),5aa5(150)aa5(320)aaA_n1_m1_x1_y1_z1,[],"opt CAM-B3LYP/6-31g(d,p) geom=(modredundant,connectivity)",-6.7500558799,-0.2054459481,64,0.8741,-1656.3508997,---,0.6166666667
logs/55(150)5(320).log,55(150)5(320),5aa5(150)aa5(320)aaA_n1_m1_x1_y1_z1,[],"td CAM-B3LYP/6-31g(d,p) geom=check guess=read",-6.7500558799,-0.2054459481,64,0.8741,-1656.3508997,4.0952,0.2
logs/55(110)5(290).log,55(110)5(290),5aa5(110)aa5(290)aaA_n1_m1_x1_y1_z1,[],"opt CAM-B3LYP/6-31g(d,p) geom=(modredundant,connectivity)",-7.4423134853,0.3888506753,64,1.2315,-1656.3458932,---,0.6166666667
logs/55(110)5(290).log,55(110)5(290),5aa5(110)aa5(290)aaA_n1_m1_x1_y1_z1,[],"td B3LYP/6-31g(d,p) geom=check guess=read",-6.0216071341,-0.853076884,64,1.1589,-1656.6360845,4.5948,0.1666666667
logs/55(120)5(130).log,55(120)5(130),5aa5(120)aa5(130)aaA_n1_m1_x1_y1_z1,[],"opt CAM-B3LYP/6-31g(d,p) geom=(modredundant,connectivity)",-7.1193143589,0.1227233412,64,0.1275,-1656.3487555,---,0.7166666667
logs/55(120)5(130).log,55(120)5(130),5aa5(120)aa5(130)aaA_n1_m1_x1_y1_z1,[],"td B3LYP/6-31g(d,p) geom=check guess=read",-5.7416019941,-1.0797477115,64,0.1249,-1656.6392752,4.1847,0.2166666667
logs/55(150)5(100).log,55(150)5(100),5aa5(150)aa5(100)aaA_n1_m1_x1_y1_z1,[],"opt CAM-B3LYP/6-31g(d,p) geom=(modredundant,connectivity)",-7.0126457342,-0.0087076428,64,0.2864,-1656.348422,---,0.6166666667
logs/55(150)5(100).log,55(150)5(100),5aa5(150)aa5(100)aaA_n1_m1_x1_y1_z1,[],"td B3LYP/6-31g(d,p) geom=check guess=read",-5.6498996305,-1.1910422715,64,0.2664,-1656.6390925,4.1423,0.15
logs/55(10)5(120).log,55(10)5(120),5aa5(10)aa5(120)aaA_n1_m1_x1_y1_z1,[],"opt CAM-B3LYP/6-31g(d,p) geom=(modredundant,connectivity)",-6.7383549849,-0.2231333476,64,0.8912,-1656.3487341,---,0.7166666667
logs/55(10)5(120).log,55(10)5(120),5aa5(10)aa5(120)aaA_n1_m1_x1_y1_z1,[],"td B3LYP/6-31g(d,p) geom=check guess=read",-5.4107115664,-1.3700931773,64,0.8443,-1656.6399327,3.744,0.2
logs/55(70)5(40).log,55(70)5(40),5aa5(70)aa5(40)aaA_n1_m1_x1_y1_z1,[],"opt CAM-B3LYP/6-31g(d,p) geom=(modredundant,connectivity)",-7.0825789907,0.0995936649,64,1.1192,-1656.3477342,---,0.7166666667
logs/55(70)5(40).log,55(70)5(40),5aa5(70)aa5(40)aaA_n1_m1_x1_y1_z1,[],"td B3LYP/6-31g(d,p) geom=check guess=read",-5.7075877643,-1.0982514525,64,1.0563,-1656.63832,4.1849,0.2
logs/55(140)5(110).log,55(140)5(110),5aa5(140)aa5(110)aaA_n1_m1_x1_y1_z1,[],"opt CAM-B3LYP/6-31g(d,p) geom=(modredundant,connectivity)",-7.0733271202,0.0614977275,64,0.2046,-1656.3485713,---,0.7166666667
logs/55(140)5(110).log,55(140)5(110),5aa5(140)aa5(110)aaA_n1_m1_x1_y1_z1,[],"td CAM-B3LYP/6-31g(d,p) geom=check guess=read",-7.0733271202,0.0614977275,64,0.2046,-1656.3485713,4.5347,0.2333333333
logs/55(140)5(150).log,55(140)5(150),5aa5(140)aa5(150)aaA_n1_m1_x1_y1_z1,[],"opt CAM-B3LYP/6-31g(d,p) geom=(modredundant,connectivity)",-6.7568587259,-0.2092555419,64,0.4135,-1656.3517494,---,0.7
logs/55(140)5(150).log,55(140)5(150),5aa5(140)aa5(150)aaA_n1_m1_x1_y1_z1,[],"td B3LYP/6-31g(d,p) geom=check guess=read",-5.4308479905,-1.3602970791,64,0.3933,-1656.6429165,3.7237,0.25
logs/55(20)5(340).log,55(20)5(340),5aa5(20)aa5(340)aaA_n1_m1_x1_y1_z1,[],"opt CAM-B3LYP/6-31g(d,p) geom=(modredundant,connectivity)",-6.5070582221,-0.4193274253,64,1.5805,-1656.3494864,---,0.7166666667
logs/55(20)5(340).log,55(20)5(340),5aa5(20)aa5(340)aaA_n1_m1_x1_y1_z1,[],"td CAM-B3LYP/6-31g(d,p) geom=check guess=read",-6.5070582221,-0.4193274253,64,1.5805,-1656.3494864,3.7659,0.2166666667
logs/55(130)5(100).log,55(130)5(100),5aa5(130)aa5(100)aaA_n1_m1_x1_y1_z1,[],"opt CAM-B3LYP/6-31g(d,p) geom=(modredundant,connectivity)",-7.2142820886,0.1872143209,64,0.1661,-1656.3474047,---,0.7166666667
logs/55(130)5(100).log,55(130)5(100),5aa5(130)aa5(100)aaA_n1_m1_x1_y1_z1,[],"td CAM-B3LYP/6-31g(d,p) geom=check guess=read",-7.2142820886,0.1872143209,64,0.1661,-1656.3474047,4.7455,0.2333333333
logs/55(80)5(270).log,55(80)5(270),5aa5(80)aa5(270)aaA_n1_m1_x1_y1_z1,[],"opt CAM-B3LYP/6-31g(d,p) geom=(modredundant,connectivity)",-7.6409565875,0.5238191393,64,1.3437,-1656.3446129,---,0.7
logs/55(80)5(270).log,55(80)5(270),5aa5(80)aa5(270)aaA_n1_m1_x1_y1_z1,[],"td B3LYP/6-31g(d,p) geom=check guess=read",-6.1946715354,-0.7382448441,64,1.2644,-1656.63467,4.7465,0.2
logs/55(120)5(120).log,55(120)5(120),5aa5(120)aa5(120)aaA_n1_m1_x1_y1_z1,[],"opt CAM-B3LYP/6-31g(d,p) geom=(modredundant,connectivity)",-7.225438756,0.2103439972,64,0.0461,-1656.34779,---,0.6
logs/55(120)5(120).log,55(120)5(120),5aa5(120)aa5(120)aaA_n1_m1_x1_y1_z1,[],"td B3LYP/6-31g(d,p) geom=check guess=read",-5.8335764716,-1.0051885197,64,0.0474,-1656.6381721,4.3194,0.1833333333
logs/55(140)5(320).log,55(140)5(320),5aa5(140)aa5(320)aaA_n1_m1_x1_y1_z1,[],"opt CAM-B3LYP/6-31g(d,p) geom=(modredundant,connectivity)",-6.8297852346,-0.1254444796,64,0.9659,-1656.3505217,---,0.6166666667
logs/55(140)5(320).log,55(140)5(320),5aa5(140)aa5(320)aaA_n1_m1_x1_y1_z1,[],"td CAM-B3LYP/6-31g(d,p) geom=check guess=read",-6.8297852346,-0.1254444796,64,0.9659,-1656.3505217,4.2197,0.2
logs/55(100)5(280).log,55(100)5(280),5aa5(100)aa5(280)aaA_n1_m1_x1_y1_z1,[],"opt CAM-B3LYP/6-31g(d,p) geom=(modredundant,connectivity)",-7.6591882147,0.5349758067,64,1.2788,-1656.3448239,---,0.6166666667
logs/55(100)5(280).log,55(100)5(280),5aa5(100)aa5(280)aaA_n1_m1_x1_y1_z1,[],"td CAM-B3LYP/6-31g(d,p) geom=check guess=read",-7.6591882147,0.5349758067,64,1.2788,-1656.3448239,5.3719,0.2166666667
logs/55(10)5(210).log,55(10)5(210),5aa5(10)aa5(210)aaA_n1_m1_x1_y1_z1,[],"opt CAM-B3LYP/6-31g(d,p) geom=(modredundant,connectivity)",-6.5631136728,-0.3847689678,64,0.7702,-1656.3505289,---,0.7166666667
logs/55(10)5(210).log,55(10)5(210),5aa5(10)aa5(210)aaA_n1_m1_x1_y1_z1,[],"td CAM-B3LYP/6-31g(d,p) geom=check guess=read",-6.5631136728,-0.3847689678,64,0.7701,-1656.3505289,3.8245,0.2333333333
logs/55(150)5(250).log,55(150)5(250),5aa5(150)aa5(250)aaA_n1_m1_x1_y1_z1,[],"opt CAM-B3LYP/6-31g(d,p) geom=(modredundant,connectivity)",-6.8891060515,-0.0857158592,64,0.9223,-1656.3496718,---,0.7166666667
logs/55(150)5(250).log,55(150)5(250),5aa5(150)aa5(250)aaA_n1_m1_x1_y1_z1,[],"td CAM-B3LYP/6-31g(d,p) geom=check guess=read",-6.8891060515,-0.0857158592,64,0.9223,-1656.3496718,4.3002,0.2333333333
logs/55(30)5(230).log,55(30)5(230),5aa5(30)aa5(230)aaA_n1_m1_x1_y1_z1,[],"opt CAM-B3LYP/6-31g(d,p) geom=(modredundant,connectivity)",-6.8246150717,-0.1349684639,64,1.0375,-1656.3496758,---,0.7166666667
logs/55(30)5(230).log,55(30)5(230),5aa5(30)aa5(230)aaA_n1_m1_x1_y1_z1,[],"td B3LYP/6-31g(d,p) geom=check guess=read",-5.4860870997,-1.2966224409,64,0.9824,-1656.6407017,3.8347,0.2166666667
logs/55(50)5(230).log,55(50)5(230),5aa5(50)aa5(230)aaA_n1_m1_x1_y1_z1,[],"opt CAM-B3LYP/6-31g(d,p) geom=(modredundant,connectivity)",-7.0159111002,0.045443011,64,1.1051,-1656.3490435,---,0.7166666667
logs/55(50)5(230).log,55(50)5(230),5aa5(50)aa5(230)aaA_n1_m1_x1_y1_z1,[],"td B3LYP/6-31g(d,p) geom=check guess=read",-5.6509880859,-1.1445108051,64,1.0438,-1656.6397179,4.0652,0.2333333333
logs/55(170)5(180).log,55(170)5(180),5aa5(170)aa5(180)aaA_n1_m1_x1_y1_z1,[],"opt CAM-B3LYP/6-31g(d,p) geom=(modredundant,connectivity)",-6.4880102534,-0.4835462912,64,0.6479,-1656.3519976,---,0.7166666667
logs/55(170)5(180).log,55(170)5(180),5aa5(170)aa5(180)aaA_n1_m1_x1_y1_z1,[],"td B3LYP/6-31g(d,p) geom=check guess=read",-5.2014560246,-1.5902332727,64,0.6127,-1656.6438731,3.3897,0.2333333333
logs/55(10)5(40).log,55(10)5(40),5aa5(10)aa5(40)aaA_n1_m1_x1_y1_z1,[],"opt CAM-B3LYP/6-31g(d,p) geom=(modredundant,connectivity)",-6.6191691236,-0.3172847358,64,1.4863,-1656.3492969,---,0.7166666667
logs/55(10)5(40).log,55(10)5(40),5aa5(10)aa5(40)aaA_n1_m1_x1_y1_z1,[],"td CAM-B3LYP/6-31g(d,p) geom=check guess=read",-6.6191691236,-0.3172847358,64,1.4864,-1656.3492969,3.9203,0.2166666667
logs/55(110)5(300).log,55(110)5(300),5aa5(110)aa5(300)aaA_n1_m1_x1_y1_z1,[],"opt CAM-B3LYP/6-31g(d,p) geom=(modredundant,connectivity)",-7.3269372177,0.3009579055,64,1.2315,-1656.3465788,---,0.7166666667
logs/55(110)5(300).log,55(110)5(300),5aa5(110)aa5(300)aaA_n1_m1_x1_y1_z1,[],"td CAM-B3LYP/6-31g(d,p) geom=check guess=read",-7.3269372177,0.3009579055,64,1.2315,-1656.3465788,4.9314,0.25
logs/55(20)5(310).log,55(20)5(310),5aa5(20)aa5(310)aaA_n1_m1_x1_y1_z1,[],"opt CAM-B3LYP/6-31g(d,p) geom=(modredundant,connectivity)",-6.6817553065,-0.2552427806,64,1.5198,-1656.3494536,---,0.7166666667
logs/55(20)5(310).log,55(20)5(310),5aa5(20)aa5(310)aaA_n1_m1_x1_y1_z1,[],"td B3LYP/6-31g(d,p) geom=check guess=read",-5.362547417,-1.3959439919,64,1.4413,-1656.6408194,3.6738,0.2
logs/55(150)5(10).log,55(150)5(10),5aa5(150)aa5(10)aaA_n1_m1_x1_y1_z1,[],"opt CAM-B3LYP/6-31g(d,p) geom=(modredundant,connectivity)",-6.5424330211,-0.4021842534,64,0.6814,-1656.3505355,---,0.7166666667
logs/55(150)5(10).log,55(150)5(10),5aa5(150)aa5(10)aaA_n1_m1_x1_y1_z1,[],"td B3LYP/6-31g(d,p) geom=check guess=read",-5.2458105802,-1.5200279023,64,0.6488,-1656.6422498,3.4846,0.1833333333
logs/55(160)5(360).log,55(160)5(360),5aa5(160)aa5(360)aaA_n1_m1_x1_y1_z1,[],"opt CAM-B3LYP/6-31g(d,p) geom=(modredundant,connectivity)",-6.4967178962,-0.4525253136,64,0.6502,-1656.3504724,---,0.6166666667
logs/55(160)5(360).log,55(160)5(360),5aa5(160)aa5(360)aaA_n1_m1_x1_y1_z1,[],"td CAM-B3LYP/6-31g(d,p) geom=check guess=read",-6.4967178962,-0.4525253136,64,0.6502,-1656.3504724,3.7242,0.1833333333
logs/55(180)5(60).log,55(180)5(60),5aa5(180)aa5(60)aaA_n1_m1_x1_y1_z1,[],"opt CAM-B3LYP/6-31g(d,p) geom=(modredundant,connectivity)",-6.7628452304,-0.2198679816,64,0.5836,-1656.3497063,---,0.7166666667
logs/55(180)5(60).log,55(180)5(60),5aa5(180)aa5(60)aaA_n1_m1_x1_y1_z1,[],"td CAM-B3LYP/6-31g(d,p) geom=check guess=read",-6.7628452304,-0.2198679816,64,0.5836,-1656.3497063,4.0842,0.2333333333
logs/55(120)5(180).log,55(120)5(180),5aa5(120)aa5(180)aaA_n1_m1_x1_y1_z1,[],"opt CAM-B3LYP/6-31g(d,p) geom=(modredundant,connectivity)",-6.7652942549,-0.2201400954,64,0.6178,-1656.3500729,---,0.7166666667
logs/55(120)5(180).log,55(120)5(180),5aa5(120)aa5(180)aaA_n1_m1_x1_y1_z1,[],"td B3LYP/6-31g(d,p) geom=check guess=read",-5.4352018119,-1.3695489496,64,0.5846,-1656.6411889,3.7583,0.2166666667
logs/55(20)5(160).log,55(20)5(160),5aa5(20)aa5(160)aaA_n1_m1_x1_y1_z1,[],"opt CAM-B3LYP/6-31g(d,p) geom=(modredundant,connectivity)",-6.5236571662,-0.4209601083,64,0.5498,-1656.3509719,---,0.7166666667
logs/55(20)5(160).log,55(20)5(160),5aa5(20)aa5(160)aaA_n1_m1_x1_y1_z1,[],"td B3LYP/6-31g(d,p) geom=check guess=read",-5.2300279776,-1.535810505,64,0.5239,-1656.6427392,3.4604,0.1833333333
logs/55(150)5(30).log,55(150)5(30),5aa5(150)aa5(30)aaA_n1_m1_x1_y1_z1,[],"opt CAM-B3LYP/6-31g(d,p) geom=(modredundant,connectivity)",-6.6052913178,-0.3325231108,64,0.5688,-1656.3511854,---,0.7166666667
logs/55(150)5(30).log,55(150)5(30),5aa5(150)aa5(30)aaA_n1_m1_x1_y1_z1,[],"td CAM-B3LYP/6-31g(d,p) geom=check guess=read",-6.6052913178,-0.3325231108,64,0.5688,-1656.3511854,3.9046,0.2166666667
logs/55(20)5(130).log,55(20)5(130),5aa5(20)aa5(130)aaA_n1_m1_x1_y1_z1,[],"opt CAM-B3LYP/6-31g(d,p) geom=(modredundant,connectivity)",-6.684204331,-0.2582360328,64,0.7332,-1656.3501234,---,0.7166666667
logs/55(20)5(130).log,55(20)5(130),5aa5(20)aa5(130)aaA_n1_m1_x1_y1_z1,[],"td CAM-B3LYP/6-31g(d,p) geom=check guess=read",-6.684204331,-0.2582360328,64,0.7332,-1656.3501234,4.0199,0.2
logs/55(60)5(300).log,55(60)5(300),5aa5(60)aa5(300)aaA_n1_m1_x1_y1_z1,[],"opt CAM-B3LYP/6-31g(d,p) geom=(modredundant,connectivity)",-7.0659800465,0.0963282989,64,1.4745,-1656.3478563,---,0.7166666667
logs/55(60)5(300).log,55(60)5(300),5aa5(60)aa5(300)aaA_n1_m1_x1_y1_z1,[],"td B3LYP/6-31g(d,p) geom=check guess=read",-5.692893617,-1.0998841356,64,1.3927,-1656.6384353,4.1476,0.2333333333
logs/55(180)5(150).log,55(180)5(150),5aa5(180)aa5(150)aaA_n1_m1_x1_y1_z1,[],"opt CAM-B3LYP/6-31g(d,p) geom=(modredundant,connectivity)",-6.5598483068,-0.4057217333,64,0.6636,-1656.352076,---,0.7166666667
logs/55(180)5(150).log,55(180)5(150),5aa5(180)aa5(150)aaA_n1_m1_x1_y1_z1,[],"td B3LYP/6-31g(d,p) geom=check guess=read",-5.2624095244,-1.5246538376,64,0.6287,-1656.6437233,3.4854,0.2333333333
logs/55(120)5(70).log,55(120)5(70),5aa5(120)aa5(70)aaA_n1_m1_x1_y1_z1,[],"opt CAM-B3LYP/6-31g(d,p) geom=(modredundant,connectivity)",-7.1598593209,0.1711596045,64,0.4653,-1656.3474823,---,0.6166666667
logs/55(120)5(70).log,55(120)5(70),5aa5(120)aa5(70)aaA_n1_m1_x1_y1_z1,[],"td B3LYP/6-31g(d,p) geom=check guess=read",-5.7737114271,-1.0364816112,64,0.4354,-1656.6378908,4.2625,0.2
logs/55(60)5(230).log,55(60)5(230),5aa5(60)aa5(230)aaA_n1_m1_x1_y1_z1,[],"opt CAM-B3LYP/6-31g(d,p) geom=(modredundant,connectivity)",-7.1184980174,0.1325194394,64,1.1232,-1656.3483276,---,0.6166666667
logs/55(60)5(230).log,55(60)5(230),5aa5(60)aa5(230)aaA_n1_m1_x1_y1_z1,[],"td CAM-B3LYP/6-31g(d,p) geom=check guess=read",-7.1184980174,0.1325194394,64,1.1232,-1656.3483276,4.6398,0.2
logs/55(60)5(130).log,55(60)5(130),5aa5(60)aa5(130)aaA_n1_m1_x1_y1_z1,[],"opt CAM-B3LYP/6-31g(d,p) geom=(modredundant,connectivity)",-6.9715565446,0.0108845535,64,0.4325,-1656.3491703,---,0.7166666667
logs/55(60)5(130).log,55(60)5(130),5aa5(60)aa5(130)aaA_n1_m1_x1_y1_z1,[],"td B3LYP/6-31g(d,p) geom=check guess=read",-5.6123479208,-1.171722189,64,0.4048,-1656.6398687,4.0387,0.2166666667
logs/55(50)5(50).log,55(50)5(50),5aa5(50)aa5(50)aaA_n1_m1_x1_y1_z1,[],"opt CAM-B3LYP/6-31g(d,p) geom=(modredundant,connectivity)",-7.0131899619,0.0541506539,64,1.1904,-1656.3485653,---,0.6166666667
logs/55(50)5(50).log,55(50)5(50),5aa5(50)aa5(50)aaA_n1_m1_x1_y1_z1,[],"td B3LYP/6-31g(d,p) geom=check guess=read",-5.647450606,-1.1368916176,64,1.1247,-1656.6392556,4.0703,0.2
logs/55(100)5(290).log,55(100)5(290),5aa5(100)aa5(290)aaA_n1_m1_x1_y1_z1,[],"opt CAM-B3LYP/6-31g(d,p) geom=(modredundant,connectivity)",-7.5326552797,0.450076289,64,1.2949,-1656.3452849,---,0.7166666667
logs/55(100)5(290).log,55(100)5(290),5aa5(100)aa5(290)aaA_n1_m1_x1_y1_z1,[],"td B3LYP/6-31g(d,p) geom=check guess=read",-6.1018807164,-0.8013752546,64,1.2187,-1656.6354188,4.7104,0.1833333333
logs/55(30)5(120).log,55(30)5(120),5aa5(30)aa5(120)aaA_n1_m1_x1_y1_z1,[],"opt CAM-B3LYP/6-31g(d,p) geom=(modredundant,connectivity)",-6.8036623061,-0.1439482206,64,0.7339,-1656.3495871,---,0.7166666667
logs/55(30)5(120).log,55(30)5(120),5aa5(30)aa5(120)aaA_n1_m1_x1_y1_z1,[],"td B3LYP/6-31g(d,p) geom=check guess=read",-5.467039131,-1.3020647176,64,0.6944,-1656.6406191,3.8309,0.2
logs/55(100)5(320).log,55(100)5(320),5aa5(100)aa5(320)aaA_n1_m1_x1_y1_z1,[],"opt CAM-B3LYP/6-31g(d,p) geom=(modredundant,connectivity)",-7.1206749281,0.1148320399,64,1.2779,-1656.3473308,---,0.7166666667
logs/55(100)5(320).log,55(100)5(320),5aa5(100)aa5(320)aaA_n1_m1_x1_y1_z1,[],"td CAM-B3LYP/6-31g(d,p) geom=check guess=read",-7.1206749281,0.1148320399,64,1.2779,-1656.3473308,4.6193,0.2833333333
logs/55(50)5(180).log,55(50)5(180),5aa5(50)aa5(180)aaA_n1_m1_x1_y1_z1,[],"opt CAM-B3LYP/6-31g(d,p) geom=(modredundant,connectivity)",-6.6901908355,-0.2759234323,64,0.6104,-1656.3504659,---,0.7166666667
logs/55(50)5(180).log,55(50)5(180),5aa5(50)aa5(180)aaA_n1_m1_x1_y1_z1,[],"td B3LYP/6-31g(d,p) geom=check guess=read",-5.3707108322,-1.416080416,64,0.5772,-1656.6417774,3.6589,0.2166666667
logs/55(10)5(260).log,55(10)5(260),5aa5(10)aa5(260)aaA_n1_m1_x1_y1_z1,[],"opt CAM-B3LYP/6-31g(d,p) geom=(modredundant,connectivity)",-6.8844801162,-0.122995455,64,1.1979,-1656.346786,---,0.7166666667
logs/55(10)5(260).log,55(10)5(260),5aa5(10)aa5(260)aaA_n1_m1_x1_y1_z1,[],"td B3LYP/6-31g(d,p) geom=check guess=read",-5.5358839322,-1.2873705704,64,1.1322,-1656.6377065,3.9849,0.1833333333
logs/55(50)5(290).log,55(50)5(290),5aa5(50)aa5(290)aaA_n1_m1_x1_y1_z1,[],"opt CAM-B3LYP/6-31g(d,p) geom=(modredundant,connectivity)",-7.0512858993,0.079185127,64,1.4667,-1656.3478779,---,0.6166666667
logs/55(50)5(290).log,55(50)5(290),5aa5(50)aa5(290)aaA_n1_m1_x1_y1_z1,[],"td B3LYP/6-31g(d,p) geom=check guess=read",-5.6803763805,-1.1145782828,64,1.3856,-1656.6384884,4.1361,0.1833333333
logs/55(60)5(310).log,55(60)5(310),5aa5(60)aa5(310)aaA_n1_m1_x1_y1_z1,[],"opt CAM-B3LYP/6-31g(d,p) geom=(modredundant,connectivity)",-6.9718286584,0.0144220334,64,1.484,-1656.3485006,---,0.6166666667
logs/55(60)5(310).log,55(60)5(310),5aa5(60)aa5(310)aaA_n1_m1_x1_y1_z1,[],"td B3LYP/6-31g(d,p) geom=check guess=read",-5.6118036931,-1.1687289367,64,1.403,-1656.639241,4.0374,0.1833333333
logs/55(0)5(140).log,55(0)5(140),5aa5(0)aa5(140)aaA_n1_m1_x1_y1_z1,[],"opt CAM-B3LYP/6-31g(d,p) geom=(modredundant,connectivity)",-6.7059734381,-0.2296640798,64,0.5891,-1656.3509427,---,2.05
logs/55(0)5(140).log,55(0)5(140),5aa5(0)aa5(140)aaA_n1_m1_x1_y1_z1,[],"td CAM-B3LYP/6-31g(d,p) geom=check guess=read",-6.7059734381,-0.2296640798,64,0.5891,-1656.3509427,4.0635,0.2166666667
logs/55(130)5(110).log,55(130)5(110),5aa5(130)aa5(110)aaA_n1_m1_x1_y1_z1,[],"opt CAM-B3LYP/6-31g(d,p) geom=(modredundant,connectivity)",-7.184893794,0.1662615554,64,0.121,-1656.3478624,---,0.7166666667
logs/55(130)5(110).log,55(130)5(110),5aa5(130)aa5(110)aaA_n1_m1_x1_y1_z1,[],"td CAM-B3LYP/6-31g(d,p) geom=check guess=read",-7.184893794,0.1662615554,64,0.121,-1656.3478624,4.707,0.2333333333
logs/55(70)5(100).log,55(70)5(100),5aa5(70)aa5(100)aaA_n1_m1_x1_y1_z1,[],"opt CAM-B3LYP/6-31g(d,p) geom=(modredundant,connectivity)",-7.3889791729,0.3496662826,64,0.5851,-1656.3457088,---,0.7
logs/55(70)5(100).log,55(70)5(100),5aa5(70)aa5(100)aaA_n1_m1_x1_y1_z1,[],"td CAM-B3LYP/6-31g(d,p) geom=check guess=read",-7.3889791729,0.3496662826,64,0.5851,-1656.3457088,5.0421,0.2666666667
logs/55(10)5(130).log,55(10)5(130),5aa5(10)aa5(130)aaA_n1_m1_x1_y1_z1,[],"opt CAM-B3LYP/6-31g(d,p) geom=(modredundant,connectivity)",-6.6646121346,-0.2838147336,64,0.8075,-1656.3496659,---,0.7166666667
logs/55(10)5(130).log,55(10)5(130),5aa5(10)aa5(130)aaA_n1_m1_x1_y1_z1,[],"td B3LYP/6-31g(d,p) geom=check guess=read",-5.3483974974,-1.4207063513,64,0.7663,-1656.6410404,3.6456,0.2
logs/55(50)5(210).log,55(50)5(210),5aa5(50)aa5(210)aaA_n1_m1_x1_y1_z1,[],"opt CAM-B3LYP/6-31g(d,p) geom=(modredundant,connectivity)",-6.8354996253,-0.1257165934,64,0.9372,-1656.350456,---,0.7166666667
logs/55(50)5(210).log,55(50)5(210),5aa5(50)aa5(210)aaA_n1_m1_x1_y1_z1,[],"td CAM-B3LYP/6-31g(d,p) geom=check guess=read",-6.8354996253,-0.1257165934,64,0.9372,-1656.350456,4.2204,0.25
logs/55(60)5(60).log,55(60)5(60),5aa5(60)aa5(60)aaA_n1_m1_x1_y1_z1,[],"opt CAM-B3LYP/6-31g(d,p) geom=(modredundant,connectivity)",-7.2248945283,0.2307525351,64,1.0377,-1656.3470743,---,0.7166666667
logs/55(60)5(60).log,55(60)5(60),5aa5(60)aa5(60)aaA_n1_m1_x1_y1_z1,[],"td B3LYP/6-31g(d,p) geom=check guess=read",-5.8305832194,-0.9875011202,64,0.9781,-1656.6374781,4.333,0.2166666667
logs/55(120)5(300).log,55(120)5(300),5aa5(120)aa5(300)aaA_n1_m1_x1_y1_z1,[],"opt CAM-B3LYP/6-31g(d,p) geom=(modredundant,connectivity)",-7.225438756,0.2209564369,64,1.162,-1656.3474538,---,0.6166666667
logs/55(120)5(300).log,55(120)5(300),5aa5(120)aa5(300)aaA_n1_m1_x1_y1_z1,[],"td CAM-B3LYP/6-31g(d,p) geom=check guess=read",-7.225438756,0.2209564369,64,1.162,-1656.3474538,4.79,0.1833333333
logs/55(150)5(300).log,55(150)5(300),5aa5(150)aa5(300)aaA_n1_m1_x1_y1_z1,[],"opt CAM-B3LYP/6-31g(d,p) geom=(modredundant,connectivity)",-6.9174058907,-0.0702053704,64,0.9255,-1656.3494735,---,0.7166666667
logs/55(150)5(300).log,55(150)5(300),5aa5(150)aa5(300)aaA_n1_m1_x1_y1_z1,[],"td B3LYP/6-31g(d,p) geom=check guess=read",-5.5666327959,-1.2430160147,64,0.8742,-1656.6403189,3.9519,0.2
logs/55(30)5(0).log,55(30)5(0),5aa5(30)aa5(0)aaA_n1_m1_x1_y1_z1,[],"opt CAM-B3LYP/6-31g(d,p) geom=(modredundant,connectivity)",-6.6352238401,-0.2911618073,64,1.5585,-1656.3501526,---,0.8833333333
logs/55(30)5(0).log,55(30)5(0),5aa5(30)aa5(0)aaA_n1_m1_x1_y1_z1,[],"td CAM-B3LYP/6-31g(d,p) geom=check guess=read",-6.6352238401,-0.2911618073,64,1.5585,-1656.3501526,3.9619,0.1833333333
logs/55(30)5(220).log,55(30)5(220),5aa5(30)aa5(220)aaA_n1_m1_x1_y1_z1,[],"opt CAM-B3LYP/6-31g(d,p) geom=(modredundant,connectivity)",-6.7437972617,-0.2068065173,64,0.9528,-1656.350519,---,0.7166666667
logs/55(30)5(220).log,55(30)5(220),5aa5(30)aa5(220)aaA_n1_m1_x1_y1_z1,[],"td B3LYP/6-31g(d,p) geom=check guess=read",-5.4172422986,-1.357031713,64,0.9033,-1656.6417231,3.7264,0.2
logs/55(120)5(210).log,55(120)5(210),5aa5(120)aa5(210)aaA_n1_m1_x1_y1_z1,[],"opt CAM-B3LYP/6-31g(d,p) geom=(modredundant,connectivity)",-6.8267919824,-0.1379617162,64,0.8949,-1656.3503043,---,0.7166666667
logs/55(120)5(210).log,55(120)5(210),5aa5(120)aa5(210)aaA_n1_m1_x1_y1_z1,[],"td CAM-B3LYP/6-31g(d,p) geom=check guess=read",-6.8267919824,-0.1379617162,64,0.8949,-1656.3503043,4.2155,0.2333333333
logs/55(0)5(120).log,55(0)5(120),5aa5(0)aa5(120)aaA_n1_m1_x1_y1_z1,[],"opt CAM-B3LYP/6-31g(d,p) geom=(modredundant,connectivity)",-6.8618946676,-0.0914302498,64,0.7408,-1656.3492634,---,1.9666666667
logs/55(0)5(120).log,55(0)5(120),5aa5(0)aa5(120)aaA_n1_m1_x1_y1_z1,[],"td CAM-B3LYP/6-31g(d,p) geom=check guess=read",-6.8618946676,-0.0914302498,64,0.7408,-1656.3492634,4.2852,0.2833333333
logs/55(140)5(200).log,55(140)5(200),5aa5(140)aa5(200)aaA_n1_m1_x1_y1_z1,[],"opt CAM-B3LYP/6-31g(d,p) geom=(modredundant,connectivity)",-6.6368565231,-0.3183731911,64,0.7897,-1656.351923,---,0.6166666667
logs/55(140)5(200).log,55(140)5(200),5aa5(140)aa5(200)aaA_n1_m1_x1_y1_z1,[],"td CAM-B3LYP/6-31g(d,p) geom=check guess=read",-6.6368565231,-0.3183731911,64,0.7897,-1656.351923,3.9324,0.2
logs/55(170)5(40).log,55(170)5(40),5aa5(170)aa5(40)aaA_n1_m1_x1_y1_z1,[],"opt CAM-B3LYP/6-31g(d,p) geom=(modredundant,connectivity)",-6.6074682285,-0.3423192089,64,0.496,-1656.3510713,---,0.7166666667
logs/55(170)5(40).log,55(170)5(40),5aa5(170)aa5(40)aaA_n1_m1_x1_y1_z1,[],"td B3LYP/6-31g(d,p) geom=check guess=read",-5.3010496895,-1.4705031837,64,0.4697,-1656.6425947,3.563,0.2166666667
logs/55(100)5(310).log,55(100)5(310),5aa5(100)aa5(310)aaA_n1_m1_x1_y1_z1,[],"opt CAM-B3LYP/6-31g(d,p) geom=(modredundant,connectivity)",-7.2447588385,0.2255823722,64,1.292,-1656.3467733,---,0.7
logs/55(100)5(310).log,55(100)5(310),5aa5(100)aa5(310)aaA_n1_m1_x1_y1_z1,[],"td B3LYP/6-31g(d,p) geom=check guess=read",-5.8501754157,-0.9915828278,64,1.2183,-1656.6371427,4.4131,0.1833333333
logs/55(20)5(120).log,55(20)5(120),5aa5(20)aa5(120)aaA_n1_m1_x1_y1_z1,[],"opt CAM-B3LYP/6-31g(d,p) geom=(modredundant,connectivity)",-6.7584914089,-0.1953777361,64,0.8142,-1656.3492239,---,0.7166666667
logs/55(20)5(120).log,55(20)5(120),5aa5(20)aa5(120)aaA_n1_m1_x1_y1_z1,[],"td CAM-B3LYP/6-31g(d,p) geom=check guess=read",-6.7584914089,-0.1953777361,64,0.8142,-1656.3492239,4.1201,0.2166666667
logs/55(110)5(30).log,55(110)5(30),5aa5(110)aa5(30)aaA_n1_m1_x1_y1_z1,[],"opt CAM-B3LYP/6-31g(d,p) geom=(modredundant,connectivity)",-6.9008069465,-0.0729265087,64,0.8682,-1656.3482154,---,0.7166666667
logs/55(110)5(30).log,55(110)5(30),5aa5(110)aa5(30)aaA_n1_m1_x1_y1_z1,[],"td CAM-B3LYP/6-31g(d,p) geom=check guess=read",-6.9008069465,-0.0729265087,64,0.8682,-1656.3482154,4.3178,0.3
logs/55(150)5(210).log,55(150)5(210),5aa5(150)aa5(210)aaA_n1_m1_x1_y1_z1,[],"opt CAM-B3LYP/6-31g(d,p) geom=(modredundant,connectivity)",-6.6169922129,-0.3333394523,64,0.8193,-1656.3523244,---,0.7166666667
logs/55(150)5(210).log,55(150)5(210),5aa5(150)aa5(210)aaA_n1_m1_x1_y1_z1,[],"td CAM-B3LYP/6-31g(d,p) geom=check guess=read",-6.6169922129,-0.3333394523,64,0.8193,-1656.3523244,3.9103,0.25
logs/55(80)5(290).log,55(80)5(290),5aa5(80)aa5(290)aaA_n1_m1_x1_y1_z1,[],"opt CAM-B3LYP/6-31g(d,p) geom=(modredundant,connectivity)",-7.4123809631,0.3610950638,64,1.3974,-1656.3454645,---,0.6166666667
logs/55(80)5(290).log,55(80)5(290),5aa5(80)aa5(290)aaA_n1_m1_x1_y1_z1,[],"td B3LYP/6-31g(d,p) geom=check guess=read",-5.9941236364,-0.8764786741,64,1.3165,-1656.635646,4.5514,0.2
logs/55(10)5(100).log,55(10)5(100),5aa5(10)aa5(100)aaA_n1_m1_x1_y1_z1,[],"opt CAM-B3LYP/6-31g(d,p) geom=(modredundant,connectivity)",-6.866248489,-0.1333357809,64,1.071,-1656.3469748,---,0.6166666667
logs/55(10)5(100).log,55(10)5(100),5aa5(10)aa5(100)aaA_n1_m1_x1_y1_z1,[],"td CAM-B3LYP/6-31g(d,p) geom=check guess=read",-6.866248489,-0.1333357809,64,1.071,-1656.3469748,4.2281,0.25
logs/55(50)5(220).log,55(50)5(220),5aa5(50)aa5(220)aaA_n1_m1_x1_y1_z1,[],"opt CAM-B3LYP/6-31g(d,p) geom=(modredundant,connectivity)",-6.9212154844,-0.0408170758,64,1.0247,-1656.3499098,---,0.6166666667
logs/55(50)5(220).log,55(50)5(220),5aa5(50)aa5(220)aaA_n1_m1_x1_y1_z1,[],"td CAM-B3LYP/6-31g(d,p) geom=check guess=read",-6.9212154844,-0.0408170758,64,1.0247,-1656.3499098,4.3547,0.2166666667
logs/55(20)5(240).log,55(20)5(240),5aa5(20)aa5(240)aaA_n1_m1_x1_y1_z1,[],"opt CAM-B3LYP/6-31g(d,p) geom=(modredundant,connectivity)",-6.8281525516,-0.146669359,64,1.0769,-1656.3485555,---,0.7166666667
logs/55(20)5(240).log,55(20)5(240),5aa5(20)aa5(240)aaA_n1_m1_x1_y1_z1,[],"td CAM-B3LYP/6-31g(d,p) geom=check guess=read",-6.8281525516,-0.146669359,64,1.0769,-1656.3485555,4.197,0.2333333333
logs/55(120)5(330).log,55(120)5(330),5aa5(120)aa5(330)aaA_n1_m1_x1_y1_z1,[],"opt CAM-B3LYP/6-31g(d,p) geom=(modredundant,connectivity)",-6.9092424755,-0.0587765891,64,1.0993,-1656.3491486,---,0.7166666667
logs/55(120)5(330).log,55(120)5(330),5aa5(120)aa5(330)aaA_n1_m1_x1_y1_z1,[],"td CAM-B3LYP/6-31g(d,p) geom=check guess=read",-6.9092424755,-0.0587765891,64,1.0993,-1656.3491486,4.3309,0.2333333333
logs/55(130)5(90).log,55(130)5(90),5aa5(130)aa5(90)aaA_n1_m1_x1_y1_z1,[],"opt CAM-B3LYP/6-31g(d,p) geom=(modredundant,connectivity)",-7.1927850953,0.1738807429,64,0.2416,-1656.3473896,---,0.7166666667
logs/55(130)5(90).log,55(130)5(90),5aa5(130)aa5(90)aaA_n1_m1_x1_y1_z1,[],"td CAM-B3LYP/6-31g(d,p) geom=check guess=read",-7.1927850953,0.1738807429,64,0.2416,-1656.3473896,4.7277,0.25
logs/55(50)5(360).log,55(50)5(360),5aa5(50)aa5(360)aaA_n1_m1_x1_y1_z1,[],"opt CAM-B3LYP/6-31g(d,p) geom=(modredundant,connectivity)",-6.6708707529,-0.2761955462,64,1.468,-1656.3487557,---,0.7166666667
logs/55(50)5(360).log,55(50)5(360),5aa5(50)aa5(360)aaA_n1_m1_x1_y1_z1,[],"td CAM-B3LYP/6-31g(d,p) geom=check guess=read",-6.6708707529,-0.2761955462,64,1.468,-1656.3487557,3.9871,0.2166666667
logs/55(140)5(20).log,55(140)5(20),5aa5(140)aa5(20)aaA_n1_m1_x1_y1_z1,[],"opt CAM-B3LYP/6-31g(d,p) geom=(modredundant,connectivity)",-6.6210739205,-0.3191895327,64,0.6985,-1656.350498,---,0.8
logs/55(140)5(20).log,55(140)5(20),5aa5(140)aa5(20)aaA_n1_m1_x1_y1_z1,[],"td CAM-B3LYP/6-31g(d,p) geom=check guess=read",-6.6210739205,-0.3191895327,64,0.6985,-1656.350498,3.925,0.2333333333
logs/55(140)5(120).log,55(140)5(120),5aa5(140)aa5(120)aaA_n1_m1_x1_y1_z1,[],"opt CAM-B3LYP/6-31g(d,p) geom=(modredundant,connectivity)",-7.0077476851,0.0136056919,64,0.2378,-1656.3493931,---,0.7166666667
logs/55(140)5(120).log,55(140)5(120),5aa5(140)aa5(120)aaA_n1_m1_x1_y1_z1,[],"td B3LYP/6-31g(d,p) geom=check guess=read",-5.6455458091,-1.1719943028,64,0.2264,-1656.6400681,4.0606,0.2
logs/55(40)5(220).log,55(40)5(220),5aa5(40)aa5(220)aaA_n1_m1_x1_y1_z1,[],"opt CAM-B3LYP/6-31g(d,p) geom=(modredundant,connectivity)",-6.8278804378,-0.1254444796,64,0.9929,-1656.3503943,---,0.6166666667
logs/55(40)5(220).log,55(40)5(220),5aa5(40)aa5(220)aaA_n1_m1_x1_y1_z1,[],"td CAM-B3LYP/6-31g(d,p) geom=check guess=read",-6.8278804378,-0.1254444796,64,0.9929,-1656.3503943,4.22,0.2
logs/55(100)5(250).log,55(100)5(250),5aa5(100)aa5(250)aaA_n1_m1_x1_y1_z1,[],"opt CAM-B3LYP/6-31g(d,p) geom=(modredundant,connectivity)",-7.4039454341,0.3629998607,64,1.1693,-1656.3457458,---,0.7166666667
logs/55(100)5(250).log,55(100)5(250),5aa5(100)aa5(250)aaA_n1_m1_x1_y1_z1,[],"td B3LYP/6-31g(d,p) geom=check guess=read",-5.9840554243,-0.8729411942,64,1.0994,-1656.6358905,4.5452,0.2166666667
logs/55(120)5(360).log,55(120)5(360),5aa5(120)aa5(360)aaA_n1_m1_x1_y1_z1,[],"opt CAM-B3LYP/6-31g(d,p) geom=(modredundant,connectivity)",-6.7473347416,-0.2217727784,64,0.9788,-1656.3484112,---,0.7166666667
logs/55(120)5(360).log,55(120)5(360),5aa5(120)aa5(360)aaA_n1_m1_x1_y1_z1,[],"td B3LYP/6-31g(d,p) geom=check guess=read",-5.4180586401,-1.3695489496,64,0.927,-1656.6395907,3.7523,0.2
logs/55(90)5(340).log,55(90)5(340),5aa5(90)aa5(340)aaA_n1_m1_x1_y1_z1,[],"opt CAM-B3LYP/6-31g(d,p) geom=(modredundant,connectivity)",-6.9424403638,-0.0663957766,64,1.3018,-1656.3469752,---,0.8333333333
logs/55(90)5(340).log,55(90)5(340),5aa5(90)aa5(340)aaA_n1_m1_x1_y1_z1,[],"td B3LYP/6-31g(d,p) geom=check guess=read",-5.58676922,-1.2394785348,64,1.23,-1656.6377966,4.0775,0.1833333333
logs/55(130)5(330).log,55(130)5(330),5aa5(130)aa5(330)aaA_n1_m1_x1_y1_z1,[],"opt CAM-B3LYP/6-31g(d,p) geom=(modredundant,connectivity)",-6.8278804378,-0.1273492765,64,1.0186,-1656.3500818,---,0.7166666667
logs/55(130)5(330).log,55(130)5(330),5aa5(130)aa5(330)aaA_n1_m1_x1_y1_z1,[],"td B3LYP/6-31g(d,p) geom=check guess=read",-5.4890803519,-1.2903638226,64,0.9646,-1656.6411026,3.8332,0.2166666667
logs/55(180)5(100).log,55(180)5(100),5aa5(180)aa5(100)aaA_n1_m1_x1_y1_z1,[],"opt CAM-B3LYP/6-31g(d,p) geom=(modredundant,connectivity)",-6.8798541809,-0.1409549684,64,0.6348,-1656.348396,---,0.7166666667
logs/55(180)5(100).log,55(180)5(100),5aa5(180)aa5(100)aaA_n1_m1_x1_y1_z1,[],"td CAM-B3LYP/6-31g(d,p) geom=check guess=read",-6.8798541809,-0.1409549684,64,0.6348,-1656.348396,4.2196,0.3166666667
logs/55(100)5(70).log,55(100)5(70),5aa5(100)aa5(70)aaA_n1_m1_x1_y1_z1,[],"opt CAM-B3LYP/6-31g(d,p) geom=(modredundant,connectivity)",-7.4096598247,0.3651767714,64,0.6227,-1656.3455851,---,0.7
logs/55(100)5(70).log,55(100)5(70),5aa5(100)aa5(70)aaA_n1_m1_x1_y1_z1,[],"td B3LYP/6-31g(d,p) geom=check guess=read",-5.9903140426,-0.8718527388,64,0.5839,-1656.6357568,4.5486,0.2166666667
logs/55(20)5(300).log,55(20)5(300),5aa5(20)aa5(300)aaA_n1_m1_x1_y1_z1,[],"opt CAM-B3LYP/6-31g(d,p) geom=(modredundant,connectivity)",-6.7593077505,-0.1932008254,64,1.4855,-1656.3487695,---,0.6166666667
logs/55(20)5(300).log,55(20)5(300),5aa5(20)aa5(300)aaA_n1_m1_x1_y1_z1,[],"td CAM-B3LYP/6-31g(d,p) geom=check guess=read",-6.7593077505,-0.1932008254,64,1.4855,-1656.3487695,4.1204,0.1833333333
logs/55(70)5(310).log,55(70)5(310),5aa5(70)aa5(310)aaA_n1_m1_x1_y1_z1,[],"opt CAM-B3LYP/6-31g(d,p) geom=(modredundant,connectivity)",-7.0733271202,0.0925187051,64,1.4524,-1656.347632,---,0.7166666667
logs/55(70)5(310).log,55(70)5(310),5aa5(70)aa5(310)aaA_n1_m1_x1_y1_z1,[],"td CAM-B3LYP/6-31g(d,p) geom=check guess=read",-7.0733271202,0.0925187051,64,1.4523,-1656.347632,4.5897,0.2833333333
logs/55(60)5(90).log,55(60)5(90),5aa5(60)aa5(90)aaA_n1_m1_x1_y1_z1,[],"opt CAM-B3LYP/6-31g(d,p) geom=(modredundant,connectivity)",-7.3242160794,0.2976925394,64,0.7627,-1656.3460801,---,0.7166666667
logs/55(60)5(90).log,55(60)5(90),5aa5(60)aa5(90)aaA_n1_m1_x1_y1_z1,[],"td CAM-B3LYP/6-31g(d,p) geom=check guess=read",-7.3242160794,0.2976925394,64,0.7627,-1656.3460801,4.9312,0.2666666667
logs/55(140)5(350).log,55(140)5(350),5aa5(140)aa5(350)aaA_n1_m1_x1_y1_z1,[],"opt CAM-B3LYP/6-31g(d,p) geom=(modredundant,connectivity)",-6.6286931079,-0.3200058742,64,0.8583,-1656.3503146,---,0.7166666667
logs/55(140)5(350).log,55(140)5(350),5aa5(140)aa5(350)aaA_n1_m1_x1_y1_z1,[],"td CAM-B3LYP/6-31g(d,p) geom=check guess=read",-6.6286931079,-0.3200058742,64,0.8583,-1656.3503146,3.9222,0.2333333333
logs/55(80)5(180).log,55(80)5(180),5aa5(80)aa5(180)aaA_n1_m1_x1_y1_z1,[],"opt CAM-B3LYP/6-31g(d,p) geom=(modredundant,connectivity)",-6.8823032055,-0.1393222854,64,0.6302,-1656.3482883,---,0.6166666667
logs/55(80)5(180).log,55(80)5(180),5aa5(80)aa5(180)aaA_n1_m1_x1_y1_z1,[],"td CAM-B3LYP/6-31g(d,p) geom=check guess=read",-6.8823032055,-0.1393222854,64,0.6302,-1656.3482883,4.2217,0.2166666667
logs/55(50)5(270).log,55(50)5(270),5aa5(50)aa5(270)aaA_n1_m1_x1_y1_z1,[],"opt CAM-B3LYP/6-31g(d,p) geom=(modredundant,connectivity)",-7.1927850953,0.1801393611,64,1.3847,-1656.3467724,---,0.7
logs/55(50)5(270).log,55(50)5(270),5aa5(50)aa5(270)aaA_n1_m1_x1_y1_z1,[],"td CAM-B3LYP/6-31g(d,p) geom=check guess=read",-7.1927850953,0.1801393611,64,1.3847,-1656.3467724,4.7344,0.25
logs/55(180)5(80).log,55(180)5(80),5aa5(180)aa5(80)aaA_n1_m1_x1_y1_z1,[],"opt CAM-B3LYP/6-31g(d,p) geom=(modredundant,connectivity)",-6.881486864,-0.1401386269,64,0.6124,-1656.3482874,---,0.6166666667
logs/55(180)5(80).log,55(180)5(80),5aa5(180)aa5(80)aaA_n1_m1_x1_y1_z1,[],"td B3LYP/6-31g(d,p) geom=check guess=read",-5.5347954768,-1.303153173,64,0.5756,-1656.639172,3.9597,0.15
logs/55(10)5(50).log,55(10)5(50),5aa5(10)aa5(50)aaA_n1_m1_x1_y1_z1,[],"opt CAM-B3LYP/6-31g(d,p) geom=(modredundant,connectivity)",-6.6964494537,-0.252793756,64,1.4387,-1656.3487742,---,0.7166666667
logs/55(10)5(50).log,55(10)5(50),5aa5(10)aa5(50)aaA_n1_m1_x1_y1_z1,[],"td B3LYP/6-31g(d,p) geom=check guess=read",-5.3745204259,-1.3953997643,64,1.3639,-1656.6400955,3.6843,0.2
logs/55(180)5(280).log,55(180)5(280),5aa5(180)aa5(280)aaA_n1_m1_x1_y1_z1,[],"opt CAM-B3LYP/6-31g(d,p) geom=(modredundant,connectivity)",-6.8812147501,-0.1401386269,64,0.612,-1656.3482896,---,0.7166666667
logs/55(180)5(280).log,55(180)5(280),5aa5(180)aa5(280)aaA_n1_m1_x1_y1_z1,[],"td B3LYP/6-31g(d,p) geom=check guess=read",-5.534523363,-1.303153173,64,0.5753,-1656.6391752,3.9591,0.1833333333
logs/55(150)5(120).log,55(150)5(120),5aa5(150)aa5(120)aaA_n1_m1_x1_y1_z1,[],"opt CAM-B3LYP/6-31g(d,p) geom=(modredundant,connectivity)",-6.9165895492,-0.0764639886,64,0.3351,-1656.349806,---,0.7166666667
logs/55(150)5(120).log,55(150)5(120),5aa5(150)aa5(120)aaA_n1_m1_x1_y1_z1,[],"td CAM-B3LYP/6-31g(d,p) geom=check guess=read",-6.9165895492,-0.0764639886,64,0.3351,-1656.349806,4.309,0.25
logs/55(150)5(330).log,55(150)5(330),5aa5(150)aa5(330)aaA_n1_m1_x1_y1_z1,[],"opt CAM-B3LYP/6-31g(d,p) geom=(modredundant,connectivity)",-6.6722313221,-0.2772840015,64,0.8423,-1656.3511302,---,0.7166666667
logs/55(150)5(330).log,55(150)5(330),5aa5(150)aa5(330)aaA_n1_m1_x1_y1_z1,[],"td B3LYP/6-31g(d,p) geom=check guess=read",-5.3568330264,-1.4166246437,64,0.7998,-1656.6425018,3.6318,0.2
logs/55(150)5(50).log,55(150)5(50),5aa5(150)aa5(50)aaA_n1_m1_x1_y1_z1,[],"opt CAM-B3LYP/6-31g(d,p) geom=(modredundant,connectivity)",-6.734817505,-0.208983428,64,0.4538,-1656.350907,---,0.6166666667
logs/55(150)5(50).log,55(150)5(50),5aa5(150)aa5(50)aaA_n1_m1_x1_y1_z1,[],"td CAM-B3LYP/6-31g(d,p) geom=check guess=read",-6.734817505,-0.208983428,64,0.4538,-1656.350907,4.0972,0.2
logs/55(80)5(350).log,55(80)5(350),5aa5(80)aa5(350)aaA_n1_m1_x1_y1_z1,[],"opt CAM-B3LYP/6-31g(d,p) geom=(modredundant,connectivity)",-6.8722349935,-0.1311588702,64,1.3381,-1656.3467445,---,0.7166666667
logs/55(80)5(350).log,55(80)5(350),5aa5(80)aa5(350)aaA_n1_m1_x1_y1_z1,[],"td CAM-B3LYP/6-31g(d,p) geom=check guess=read",-6.8722349935,-0.1311588702,64,1.3382,-1656.3467445,4.2326,0.2333333333
logs/55(80)5(310).log,55(80)5(310),5aa5(80)aa5(310)aaA_n1_m1_x1_y1_z1,[],"opt CAM-B3LYP/6-31g(d,p) geom=(modredundant,connectivity)",-7.166390053,0.161907734,64,1.4097,-1656.3469306,---,0.7166666667
logs/55(80)5(310).log,55(80)5(310),5aa5(80)aa5(310)aaA_n1_m1_x1_y1_z1,[],"td B3LYP/6-31g(d,p) geom=check guess=read",-5.7810585007,-1.0449171402,64,1.3304,-1656.6373826,4.3088,0.1833333333
logs/55(140)5(40).log,55(140)5(40),5aa5(140)aa5(40)aaA_n1_m1_x1_y1_z1,[],"opt CAM-B3LYP/6-31g(d,p) geom=(modredundant,connectivity)",-6.7223002684,-0.2125209079,64,0.5651,-1656.350901,---,0.7166666667
logs/55(140)5(40).log,55(140)5(40),5aa5(140)aa5(40)aaA_n1_m1_x1_y1_z1,[],"td CAM-B3LYP/6-31g(d,p) geom=check guess=read",-6.7223002684,-0.2125209079,64,0.5651,-1656.350901,4.0902,0.2166666667
logs/55(140)5(280).log,55(140)5(280),5aa5(140)aa5(280)aaA_n1_m1_x1_y1_z1,[],"opt CAM-B3LYP/6-31g(d,p) geom=(modredundant,connectivity)",-7.1032596424,0.0887091114,64,1.0276,-1656.347971,---,0.7166666667
logs/55(140)5(280).log,55(140)5(280),5aa5(140)aa5(280)aaA_n1_m1_x1_y1_z1,[],"td B3LYP/6-31g(d,p) geom=check guess=read",-5.7274520745,-1.1072312092,64,0.9684,-1656.6384977,4.2661,0.1833333333
logs/55(140)5(340).log,55(140)5(340),5aa5(140)aa5(340)aaA_n1_m1_x1_y1_z1,[],"opt CAM-B3LYP/6-31g(d,p) geom=(modredundant,connectivity)",-6.677401485,-0.2712974971,64,0.8978,-1656.3506504,---,0.7333333333
logs/55(140)5(340).log,55(140)5(340),5aa5(140)aa5(340)aaA_n1_m1_x1_y1_z1,[],"td B3LYP/6-31g(d,p) geom=check guess=read",-5.3606426201,-1.4111823669,64,0.8522,-1656.6420092,3.6438,0.2
logs/55(70)5(110).log,55(70)5(110),5aa5(70)aa5(110)aaA_n1_m1_x1_y1_z1,[],"opt CAM-B3LYP/6-31g(d,p) geom=(modredundant,connectivity)",-7.2831268897,0.2683042448,64,0.4946,-1656.3464698,---,0.7166666667
logs/55(70)5(110).log,55(70)5(110),5aa5(70)aa5(110)aaA_n1_m1_x1_y1_z1,[],"td CAM-B3LYP/6-31g(d,p) geom=check guess=read",-7.2831268897,0.2683042448,64,0.4946,-1656.3464698,4.8996,0.25
logs/55(40)5(170).log,55(40)5(170),5aa5(40)aa5(170)aaA_n1_m1_x1_y1_z1,[],"opt CAM-B3LYP/6-31g(d,p) geom=(modredundant,connectivity)",-6.6126383915,-0.3395980706,64,0.5126,-1656.3509912,---,0.7166666667
logs/55(40)5(170).log,55(40)5(170),5aa5(40)aa5(170)aaA_n1_m1_x1_y1_z1,[],"td B3LYP/6-31g(d,p) geom=check guess=read",-5.3054035109,-1.468326273,64,0.4854,-1656.6425005,3.5673,0.2166666667
logs/55(120)5(90).log,55(120)5(90),5aa5(120)aa5(90)aaA_n1_m1_x1_y1_z1,[],"opt CAM-B3LYP/6-31g(d,p) geom=(modredundant,connectivity)",-7.321494941,0.284903189,64,0.282,-1656.3464499,---,0.7166666667
logs/55(120)5(90).log,55(120)5(90),5aa5(120)aa5(90)aaA_n1_m1_x1_y1_z1,[],"td B3LYP/6-31g(d,p) geom=check guess=read",-5.9162990785,-0.94069754,64,0.2604,-1656.6367005,4.4928,0.1833333333
logs/55(30)5(280).log,55(30)5(280),5aa5(30)aa5(280)aaA_n1_m1_x1_y1_z1,[],"opt CAM-B3LYP/6-31g(d,p) geom=(modredundant,connectivity)",-6.9514201205,-0.0372795959,64,1.4125,-1656.3476223,---,0.6166666667
logs/55(30)5(280).log,55(30)5(280),5aa5(30)aa5(280)aaA_n1_m1_x1_y1_z1,[],"td B3LYP/6-31g(d,p) geom=check guess=read",-5.5946605213,-1.2138998339,64,1.3351,-1656.6384156,4.0469,0.15
logs/55(170)5(320).log,55(170)5(320),5aa5(170)aa5(320)aaA_n1_m1_x1_y1_z1,[],"opt CAM-B3LYP/6-31g(d,p) geom=(modredundant,connectivity)",-6.6382170923,-0.3189174188,64,0.6617,-1656.350933,---,0.6166666667
logs/55(170)5(320).log,55(170)5(320),5aa5(170)aa5(320)aaA_n1_m1_x1_y1_z1,[],"td B3LYP/6-31g(d,p) geom=check guess=read",-5.327172618,-1.4517273289,64,0.6277,-1656.6423787,3.5904,0.2
logs/55(110)5(200).log,55(110)5(200),5aa5(110)aa5(200)aaA_n1_m1_x1_y1_z1,[],"opt CAM-B3LYP/6-31g(d,p) geom=(modredundant,connectivity)",-6.8591735292,-0.1336078947,64,0.8364,-1656.349299,---,0.7166666667
logs/55(110)5(200).log,55(110)5(200),5aa5(110)aa5(200)aaA_n1_m1_x1_y1_z1,[],"td B3LYP/6-31g(d,p) geom=check guess=read",-5.5154753943,-1.2958060993,64,0.7902,-1656.6402175,3.9052,0.1833333333
logs/55(60)5(250).log,55(60)5(250),5aa5(60)aa5(250)aaA_n1_m1_x1_y1_z1,[],"opt CAM-B3LYP/6-31g(d,p) geom=(modredundant,connectivity)",-7.3111546151,0.2846310752,64,1.266,-1656.3465351,---,0.7166666667
logs/55(60)5(250).log,55(60)5(250),5aa5(60)aa5(250)aaA_n1_m1_x1_y1_z1,[],"td B3LYP/6-31g(d,p) geom=check guess=read",-5.9073193218,-0.9417859953,64,1.193,-1656.6368269,4.4579,0.2
